Brand;Model;Variant;Price;FuelType;BodyType;Doors;Seats;Transmission
Tata;Nano Genx;Xt;Rs. 2,92,667;Petrol;Hatchback;5;4;Manual
Tata;Nano Genx;Xe;Rs. 2,36,447;Petrol;Hatchback;5;4;Manual
Tata;Nano Genx;Emax Xm;Rs. 2,96,661;CNG;Hatchback;4;4;Manual
Tata;Nano Genx;Xta;Rs. 3,34,768;Petrol;Hatchback;5;4;Automatic
Tata;Nano Genx;Xm;Rs. 2,72,223;Petrol;Hatchback;5;4;Manual
Tata;Nano Genx;Xma;Rs. 3,14,815;Petrol;Hatchback;5;4;Automatic
Datsun;Redi-Go;D;Rs. 2,79,650;Petrol;Hatchback;5;5;Manual
Datsun;Redi-Go;T;Rs. 3,51,832;Petrol;Hatchback;5;5;Manual
Datsun;Redi-Go;A;Rs. 3,33,419;Petrol;Hatchback;5;5;Manual
Datsun;Redi-Go;S;Rs. 3,62,000;Petrol;Hatchback;5;5;Manual
Datsun;Redi-Go;1.0 S;Rs. 3,90,000;Petrol;Hatchback;5;5;Manual
Datsun;Redi-Go;1.0 S Amt;Rs. 4,37,065;Petrol;Hatchback;5;5;Automatic
Renault;Kwid;Rxe 0.8;Rs. 3,53,290;Petrol;Hatchback;5;5;Manual
Renault;Kwid;Std 0.8;Rs. 2,83,290;Petrol;Hatchback;5;5;Manual
Renault;Kwid;Rxl 0.8;Rs. 3,83,290;Petrol;Hatchback;5;5;Manual
Renault;Kwid;Rxt 0.8;Rs. 4,13,290;Petrol;Hatchback;5;5;Manual
Renault;Kwid;Rxt 1.0;Rs. 4,33,290;Petrol;Hatchback;5;5;Manual
Renault;Kwid;Climber 1.0 Mt;Rs. 4,54,490;Petrol;Hatchback;5;5;Manual
Renault;Kwid;Rxt Amt 1.0;Rs. 4,63,290;Petrol;Hatchback;5;5;Automatic
Renault;Kwid;Climber Amt 1.0;Rs. 4,84,490;Petrol;Hatchback;5;5;Automatic
Renault;Kwid;Rxt (O) 1.0;Rs. 4,40,990;Petrol;Hatchback;5;5;Manual
Renault;Kwid;Rxt (O) Amt 1.0;Rs. 4,70,990;Petrol;Hatchback;5;5;Automatic
Renault;Kwid;Climber (O) Mt 1.0;Rs. 4,62,190;Petrol;Hatchback;5;5;Manual
Renault;Kwid;Climber (O) Amt 1.0;Rs. 4,92,190;Petrol;Hatchback;5;5;Automatic
Maruti Suzuki;Eeco;5 Str;Rs. 3,52,136;Petrol;MPV;5;5;Manual
Maruti Suzuki;Eeco;7 Str;Rs. 3,80,573;Petrol;MPV;5;7;Manual
Maruti Suzuki;Eeco;5 Str With Ac+Htr;Rs. 3,92,967;Petrol;MPV;5;5;Manual
Maruti Suzuki;Eeco;5 Str With Ac+Htr Cng;Rs. 4,66,057;CNG;MPV;5;5;Manual
Maruti Suzuki;Eeco;5 Str With Htr Cng;Rs. 4,25,255;CNG;MPV;5;5;Manual
Maruti Suzuki;Alto K10;Lxi;Rs. 3,77,588;Petrol;Hatchback;5;5;Manual
Maruti Suzuki;Alto K10;Vxi;Rs. 3,94,036;Petrol;Hatchback;5;5;Manual
Maruti Suzuki;Alto K10;Lx;Rs. 3,60,843;Petrol;Hatchback;5;5;Manual
Maruti Suzuki;Alto K10;Vxi (O);Rs. 4,07,238;Petrol;Hatchback;5;5;Manual
Maruti Suzuki;Alto K10;Lxi Cng (O);Rs. 4,39,777;CNG;Hatchback;5;5;Manual
Maruti Suzuki;Alto K10;Vxi Amt (O);Rs. 4,38,559;Petrol;Hatchback;5;5;Automatic
Datsun;Go;D;Rs. 3,74,990;Petrol;Hatchback;5;5;Manual
Datsun;Go;T;Rs. 4,68,229;Petrol;Hatchback;5;5;Manual
Datsun;Go;T (O);Rs. 5,02,492;Petrol;Hatchback;5;5;Manual
Datsun;Go;A (O);Rs. 4,99,990;Petrol;Hatchback;5;5;Manual
Datsun;Go;A;Rs. 4,69,990;Petrol;Hatchback;5;5;Manual
Datsun;Go;T Vdc;Rs. 5,28,464;Petrol;Hatchback;5;5;Manual
Datsun;Go;T (O) Vdc;Rs. 5,53,015;Petrol;Hatchback;5;5;Manual
Datsun;Go;T Cvt;Rs. 5,94,464;Petrol;Hatchback;5;5;Manual
Datsun;Go;T (O) Cvt;Rs. 6,18,015;Petrol;Hatchback;5;5;Manual
Maruti Suzuki;Celerio Tour;H2;Rs. 4,22,444;Petrol;Hatchback;5;5;Manual
Maruti Suzuki;Celerio Tour;H2 Cng;Rs. 4,80,670;CNG;Hatchback;5;5;Manual
Hyundai;Santro;Era Mt;Rs. 4,29,990;Petrol;Hatchback;4;5;Manual
Hyundai;Santro;Magna Mt;Rs. 5,03,990;Petrol;Hatchback;4;5;Manual
Hyundai;Santro;Magna Mt Cng;Rs. 5,47,990;CNG;Hatchback;4;5;Manual
Hyundai;Santro;Magna Amt;Rs. 5,30,990;Petrol;Hatchback;4;5;AMT
Hyundai;Santro;Sportz Mt;Rs. 5,12,990;Petrol;Hatchback;4;5;Manual
Hyundai;Santro;Sportz Mt Cng;Rs. 5,78,990;CNG;Hatchback;4;5;Manual
Hyundai;Santro;Sportz Amt;Rs. 5,70,990;Petrol;Hatchback;4;5;AMT
Hyundai;Santro;Asta Mt;Rs. 5,56,490;Petrol;Hatchback;4;5;Manual
Tata;Tiago;Revotron Xe;Rs. 4,60,000;Petrol;Hatchback;5;5;Manual
Tata;Tiago;Revotron Xt;Rs. 5,20,000;Petrol;Hatchback;5;5;Manual
Tata;Tiago;Revotron Xz;Rs. 5,70,000;Petrol;Hatchback;5;5;Manual
Tata;Tiago;Revotron Xz Plus;Rs. 5,99,000;Petrol;Hatchback;5;5;Manual
Tata;Tiago;Revotron Xz Plus Dual Tone;Rs. 6,10,000;Petrol;Hatchback;5;5;Manual
Tata;Tiago;Revotron Xza;Rs. 6,20,000;Petrol;Hatchback;5;5;AMT
Tata;Tiago;Revotron Xza Plus;Rs. 6,49,000;Petrol;Hatchback;5;5;AMT
Tata;Tiago;Revotron Xza Plus Dual Tone;Rs. 6,60,000;Petrol;Hatchback;5;5;AMT
Maruti Suzuki;Celerio X;Vxi (O);Rs. 4,81,074;Petrol;Hatchback;5;5;Manual
Maruti Suzuki;Celerio X;Vxi;Rs. 4,75,198;Petrol;Hatchback;5;5;Manual
Maruti Suzuki;Celerio X;Vxi Amt;Rs. 5,18,198;Petrol;Hatchback;5;5;Automatic
Maruti Suzuki;Celerio X;Vxi Amt (O);Rs. 5,24,074;Petrol;Hatchback;5;5;Automatic
Maruti Suzuki;Celerio X;Zxi;Rs. 4,99,734;Petrol;Hatchback;5;5;Manual
Maruti Suzuki;Celerio X;Zxi (O);Rs. 5,40,350;Petrol;Hatchback;5;5;Manual
Maruti Suzuki;Celerio X;Zxi Amt;Rs. 5,42,735;Petrol;Hatchback;5;5;Automatic
Maruti Suzuki;Celerio X;Zxi Amt (O);Rs. 5,52,350;Petrol;Hatchback;5;5;Automatic
Maruti Suzuki;Ignis;Alpha 1.2 Amt;Rs. 7,13,898;Petrol;Hatchback;5;5;AMT
Maruti Suzuki;Ignis;Alpha 1.2 Mt;Rs. 6,66,898;Petrol;Hatchback;5;5;Manual
Maruti Suzuki;Ignis;Delta 1.2 Amt;Rs. 6,07,841;Petrol;Hatchback;5;5;AMT
Maruti Suzuki;Ignis;Delta 1.2 Mt;Rs. 5,60,841;Petrol;Hatchback;5;5;Manual
Maruti Suzuki;Ignis;Sigma 1.2 Mt;Rs. 4,83,320;Petrol;Hatchback;5;5;Manual
Maruti Suzuki;Ignis;Zeta 1.2 Amt;Rs. 6,30,320;Petrol;Hatchback;5;5;AMT
Maruti Suzuki;Ignis;Zeta 1.2 Mt;Rs. 5,83,320;Petrol;Hatchback;5;5;Manual
Renault;Triber;Rxe;Rs. 4,95,000;Petrol;MUV;5;7;Manual
Renault;Triber;Rxl;Rs. 5,59,000;Petrol;MUV;5;7;Manual
Renault;Triber;Rxt;Rs. 6,09,000;Petrol;MUV;5;7;Manual
Renault;Triber;Rxz;Rs. 6,63,000;Petrol;MUV;5;7;Manual
Premier;Rio;Gx;Rs. 5,06,000;Petrol;SUV;5;5;Manual
Premier;Rio;Ex;Rs. 5,68,623;Diesel;SUV;5;5;Manual
Premier;Rio;Glx;Rs. 6,70,000;Petrol;SUV;5;5;Manual
Premier;Rio;Dx;Rs. 6,03,000;Diesel;SUV;5;5;Manual
Premier;Rio;Lx;Rs. 7,39,000;Diesel;SUV;5;5;Manual
Premier;Rio;Crdi4;Rs. 7,39,000;Diesel;SUV;5;5;Manual
Toyota;Etios Liva;G;Rs. 5,20,300;Petrol;Hatchback;5;5;Manual
Toyota;Etios Liva;V;Rs. 5,81,000;Petrol;Hatchback;5;5;Manual
Toyota;Etios Liva;Gd;Rs. 6,47,800;Diesel;Hatchback;5;5;Manual
Toyota;Etios Liva;Vx;Rs. 6,30,000;Petrol;Hatchback;5;5;Manual
Toyota;Etios Liva;Vxd;Rs. 7,45,000;Diesel;Hatchback;5;5;Manual
Toyota;Etios Liva;Vd;Rs. 7,04,000;Diesel;Hatchback;5;5;Manual
Toyota;Etios Liva;Dual Tone V;Rs. 5,97,700;Petrol;Hatchback;5;5;Manual
Toyota;Etios Liva;Dual Tone Vd;Rs. 7,20,700;Diesel;Hatchback;5;5;Manual
Toyota;Etios Liva;Dual Tone Vx;Rs. 6,41,700;Petrol;Hatchback;5;5;Manual
Toyota;Etios Liva;Dual Tone Vxd;Rs. 7,56,700;Diesel;Hatchback;5;5;Manual
Toyota;Etios Liva;Gx;Rs. 5,58,400;Petrol;Hatchback;5;5;Manual
Toyota;Etios Liva;Gxd;Rs. 6,86,000;Diesel;Hatchback;5;5;Manual
Toyota;Etios Liva;Vx Dual Tone Limited Edition;Rs. 6,62,700;Petrol;Hatchback;5;5;Manual
Toyota;Etios Liva;Vxd Dual Tone Limited Edition;Rs. 7,77,700;Diesel;Hatchback;5;5;Manual
Nissan;Micra Active;Xl;Rs. 5,25,021;Petrol;Hatchback;5;5;Manual
Nissan;Micra Active;Xv;Rs. 5,99,950;Petrol;Hatchback;5;5;Manual
Nissan;Micra Active;Xl (O);Rs. 5,63,133;Petrol;Hatchback;5;5;Manual
Tata;Bolt;Xt Diesel;Rs. 7,87,980;Diesel;Hatchback;5;5;Manual
Tata;Bolt;Xe Diesel;Rs. 6,61,111;Diesel;Hatchback;5;5;Manual
Tata;Bolt;Xm Diesel;Rs. 6,93,798;Diesel;Hatchback;5;5;Manual
Tata;Bolt;Xms Diesel;Rs. 7,19,661;Diesel;Hatchback;5;5;Manual
Tata;Bolt;Xt Petrol;Rs. 6,74,960;Petrol;Hatchback;5;5;Manual
Tata;Bolt;Xe Petrol;Rs. 5,29,035;Petrol;Hatchback;5;5;Manual
Tata;Bolt;Xm Petrol;Rs. 5,90,268;Petrol;Hatchback;5;5;Manual
Tata;Bolt;Xms Petrol;Rs. 6,14,515;Petrol;Hatchback;5;5;Manual
Hyundai;Xcent Prime;Cng T + (Cng +;Rs. 5,56,130;CNG + Petrol;Sedan;4;5;Manual
Hyundai;Xcent Prime;T;Rs. 5,36,859;Petrol;Sedan;4;5;Manual
Hyundai;Xcent Prime;T+;Rs. 5,56,130;Petrol;Sedan;4;5;Manual
Hyundai;Xcent Prime;Cng T (Cng +;Rs. 5,36,859;CNG + Petrol;Sedan;4;5;Manual
Hyundai;Xcent Prime;T+ Crdi;Rs. 6,39,616;Diesel;Sedan;4;5;Manual
Hyundai;Xcent Prime;T Crdi;Rs. 6,20,297;Diesel;Sedan;4;5;Manual
Maruti Suzuki;Dzire Tour;Ldi;Rs. 6,53,523;Diesel;Sedan;4;5;Manual
Maruti Suzuki;Dzire Tour;Lxi;Rs. 5,53,423;Petrol;Sedan;4;5;Manual
Maruti Suzuki;Dzire Tour;Lxi Cng;Rs. 5,98,940;CNG;Sedan;4;5;Manual
Hyundai;Elite I20;Era 1.2;Rs. 5,59,693;Petrol;Hatchback;5;5;Manual
Hyundai;Elite I20;Era 1.4 Crdi;Rs. 6,97,803;Diesel;Hatchback;5;5;Manual
Hyundai;Elite I20;Magna Plus;Rs. 6,34,950;Petrol;Hatchback;5;5;Manual
Hyundai;Elite I20;Magna Plus Crdi;Rs. 7,70,803;Diesel;Hatchback;5;5;Manual
Hyundai;Elite I20;Sportz Plus;Rs. 7,21,693;Petrol;Hatchback;5;5;Manual
Hyundai;Elite I20;Sportz Plus Crdi Dual Tone;Rs. 8,76,103;Diesel;Hatchback;5;5;Manual
Hyundai;Elite I20;Asta (O) 1.2;Rs. 8,08,993;Petrol;Hatchback;5;5;Manual
Hyundai;Elite I20;Asta (O) Crdi;Rs. 9,34,003;Diesel;Hatchback;5;5;Manual
Hyundai;Elite I20;Asta (O) Cvt;Rs. 9,20,993;Petrol;Hatchback;5;5;Automatic
Hyundai;Elite I20;Sportz Plus Dual Tone;Rs. 7,51,693;Petrol;Hatchback;5;5;Manual
Hyundai;Elite I20;Sportz Plus Cvt;Rs. 8,31,693;Petrol;Hatchback;5;5;Manual
Hyundai;Elite I20;Sportz Plus Crdi;Rs. 8,46,103;Diesel;Hatchback;5;5;Manual
Hyundai;Aura;E 1.2 Petrol;Rs. 5,79,900;Petrol;Sedan;5;5;Manual
Hyundai;Aura;S 1.2 Petrol;Rs. 6,55,900;Petrol;Sedan;5;5;Manual
Hyundai;Aura;S 1.2 Amt Petrol;Rs. 7,05,800;Petrol;Sedan;5;5;Automatic
Hyundai;Aura;Sx 1.2 Petrol;Rs. 7,29,900;Petrol;Sedan;5;5;Manual
Hyundai;Aura;Sx Plus 1.2 Amt Petrol;Rs. 8,04,800;Petrol;Sedan;5;5;Automatic
Hyundai;Aura;Sx (O) 1.2 Petrol;Rs. 7,85,900;Petrol;Sedan;5;5;Manual
Hyundai;Aura;S 1.2 Cng Petrol (Cng +;Rs. 7,28,900;CNG + Petrol;Sedan;5;5;Manual
Hyundai;Aura;Sx Plus 1.0 Petrol;Rs. 8,54,900;Petrol;Sedan;5;5;Manual
Hyundai;Aura;S 1.2 Diesel;Rs. 7,73,800;Diesel;Sedan;5;5;Manual
Hyundai;Aura;S 1.2 Amt Diesel;Rs. 8,23,700;Diesel;Sedan;5;5;Automatic
Hyundai;Aura;Sx Plus 1.2 Amt Diesel;Rs. 9,22,700;Diesel;Sedan;5;5;Automatic
Hyundai;Aura;Sx (O) 1.2 Diesel;Rs. 9,03,800;Diesel;Sedan;5;5;Manual
Volkswagen;Polo;Trendline 1.0L (P);Rs. 5,82,000;Petrol;Hatchback;5;5;Manual
Volkswagen;Polo;Comfortline 1.0 (P);Rs. 6,76,500;Petrol;Hatchback;5;5;Manual
Volkswagen;Polo;Highline Plus 1.0 (P);Rs. 7,76,500;Petrol;Hatchback;5;5;Manual
Volkswagen;Polo;Trendline 1.5L (D);Rs. 7,34,500;Diesel;Hatchback;5;5;Manual
Volkswagen;Polo;Comfortline 1.5 (D);Rs. 8,51,500;Diesel;Hatchback;5;5;Manual
Volkswagen;Polo;Highline Plus 1.5 (D);Rs. 9,31,500;Diesel;Hatchback;5;5;Manual
Volkswagen;Polo;Gt Tsi;Rs. 9,76,000;Petrol;Hatchback;5;5;Automatic
Volkswagen;Polo;Gt Tdi;Rs. 9,88,500;Diesel;Hatchback;5;5;Manual
Maruti Suzuki;Dzire;Lxi;Rs. 5,82,613;Petrol;Sedan;4;5;Manual
Maruti Suzuki;Dzire;Vxi;Rs. 6,73,112;Petrol;Sedan;4;5;Manual
Maruti Suzuki;Dzire;Ldi;Rs. 6,66,622;Diesel;Sedan;4;5;Manual
Maruti Suzuki;Dzire;Zxi;Rs. 7,32,113;Petrol;Sedan;4;5;Manual
Maruti Suzuki;Dzire;Vdi;Rs. 7,57,622;Diesel;Sedan;4;5;Manual
Maruti Suzuki;Dzire;Vxi Amt;Rs. 7,20,112;Petrol;Sedan;4;5;Automatic
Maruti Suzuki;Dzire;Zdi Amt;Rs. 8,63,122;Diesel;Sedan;4;5;Automatic
Maruti Suzuki;Dzire;Zdi;Rs. 8,16,622;Diesel;Sedan;4;5;Manual
Maruti Suzuki;Dzire;Zxi Plus;Rs. 8,21,613;Petrol;Sedan;4;5;Manual
Maruti Suzuki;Dzire;Zxi At;Rs. 7,79,113;Petrol;Sedan;4;5;Automatic
Maruti Suzuki;Dzire;Zxi Plus Amt;Rs. 8,68,613;Petrol;Sedan;4;5;Automatic
Maruti Suzuki;Dzire;Zdi Plus;Rs. 9,06,122;Diesel;Sedan;4;5;Manual
Maruti Suzuki;Dzire;Vdi Amt;Rs. 8,04,622;Diesel;Sedan;4;5;Automatic
Maruti Suzuki;Dzire;Zdi Plus Amt;Rs. 9,52,622;Diesel;Sedan;4;5;Automatic
Ford;Freestyle;1.5L Tdci Ambiente;Rs. 6,76,400;Diesel;Crossover;5;5;Manual
Ford;Freestyle;1.5L Tdci Titanium;Rs. 7,90,900;Diesel;Hatchback;5;5;Manual
Ford;Freestyle;1.5L Tdci Titanium Plus;Rs. 8,36,400;Diesel;Hatchback;5;5;Manual
Ford;Freestyle;1.2L Ti-Vct Ambiente;Rs. 5,91,400;Petrol;Hatchback;5;5;Manual
Ford;Freestyle;1.2L Ti-Vct Titanium;Rs. 7,21,400;Petrol;Hatchback;5;5;Manual
Ford;Freestyle;1.2L Ti-Vct Titanium Plus;Rs. 7,56,400;Petrol;Hatchback;5;5;Manual
Ford;Freestyle;1.2L Ti-Vct Trend Plus;Rs. 6,81,400;Petrol;Crossover;5;5;Manual
Ford;Freestyle;1.5L Tdci Trend Plus;Rs. 7,45,900;Diesel;Crossover;5;5;Manual
Volkswagen;Ameo;Trendline 1.5L Tdi;Rs. 7,11,500;Diesel;Sedan;4;5;Manual
Volkswagen;Ameo;Comfortline 1.5L Tdi;Rs. 8,10,500;Diesel;Sedan;4;5;Manual
Volkswagen;Ameo;Highline Plus 1.5L Tdi Dsg;Rs. 9,99,900;Diesel;Sedan;4;5;Automatic
Volkswagen;Ameo;Highline Plus 1.5L Tdi;Rs. 9,25,500;Diesel;Sedan;4;5;Manual
Volkswagen;Ameo;Trendline 1.0L;Rs. 5,94,000;Petrol;Sedan;4;5;Manual
Volkswagen;Ameo;Comfortline 1.0L;Rs. 6,65,000;Petrol;Sedan;4;5;Manual
Volkswagen;Ameo;Highline Plus 1.0L;Rs. 7,99,900;Petrol;Sedan;4;5;Manual
Volkswagen;Ameo;Gt Line Tdi Dsg;Rs. 9,99,900;Diesel;Sedan;4;5;Automatic
Ford;Aspire;1.2 Ti-Vct Ambiente;Rs. 5,98,500;Petrol;Sedan;4;5;Manual
Ford;Aspire;1.2 Ti-Vct Trend Plus;Rs. 6,97,400;Petrol;Sedan;4;5;Manual
Ford;Aspire;1.2 Ti-Vct Trend;Rs. 6,63,400;Petrol;Sedan;4;5;Manual
Ford;Aspire;1.5 Tdci Ambiente;Rs. 6,99,400;Diesel;Sedan;4;5;Manual
Ford;Aspire;1.5 Tdci Trend;Rs. 7,37,400;Diesel;Sedan;4;5;Manual
Ford;Aspire;1.5 Tdci Trend Plus;Rs. 7,77,400;Diesel;Sedan;4;5;Manual
Ford;Aspire;1.5 Tdci Titanium;Rs. 8,17,400;Diesel;Sedan;4;5;Manual
Ford;Aspire;1.5 Tdci Titanium Plus;Rs. 8,62,400;Diesel;Sedan;4;5;Manual
Ford;Aspire;1.2 Ti-Vct Titanium Plus;Rs. 7,82,400;Petrol;Sedan;4;5;Manual
Ford;Aspire;1.2 Ti-Vct Titanium;Rs. 7,37,400;Petrol;Sedan;4;5;Manual
Ford;Aspire;1.2 Trend Plus Cng;Rs. 7,58,314;CNG;Sedan;4;5;Manual
Ford;Aspire;1.2 Ti-Vct Blu;Rs. 7,62,400;Petrol;Sedan;4;5;Manual
Ford;Aspire;1.5 Tdci Blu;Rs. 8,42,400;Diesel;Sedan;4;5;Manual
Toyota;Platinum Etios;G;Rs. 6,27,100;Petrol;Sedan;4;5;Manual
Toyota;Platinum Etios;V;Rs. 7,18,600;Petrol;Sedan;4;5;Manual
Toyota;Platinum Etios;Gd;Rs. 7,34,700;Diesel;Sedan;4;5;Manual
Toyota;Platinum Etios;Vd;Rs. 8,28,600;Diesel;Sedan;4;5;Manual
Toyota;Platinum Etios;Vxd;Rs. 8,88,400;Diesel;Sedan;4;5;Manual
Toyota;Platinum Etios;Vx;Rs. 7,78,400;Petrol;Sedan;4;5;Manual
Toyota;Platinum Etios;Gx;Rs. 6,89,600;Petrol;Sedan;4;5;Manual
Toyota;Platinum Etios;Gxd;Rs. 7,99,600;Diesel;Sedan;4;5;Manual
Toyota;Platinum Etios;Vxd Limited Edition;Rs. 9,13,400;Diesel;Sedan;4;5;Manual
Toyota;Platinum Etios;Vx Limited Edition;Rs. 8,03,400;Petrol;Sedan;4;5;Manual
Toyota;Etios Cross;V;Rs. 8,02,000;Petrol;Hatchback;5;5;Manual
Toyota;Etios Cross;G;Rs. 6,50,000;Petrol;Hatchback;5;5;Manual
Toyota;Etios Cross;Vd;Rs. 7,97,500;Diesel;Hatchback;5;5;Manual
Toyota;Etios Cross;Gd;Rs. 7,66,000;Diesel;Hatchback;5;5;Manual
Toyota;Etios Cross;1.2 X Edition;Rs. 6,68,500;Petrol;Hatchback;5;5;Manual
Toyota;Etios Cross;1.4 X Edition;Rs. 8,16,000;Diesel;Hatchback;5;5;Manual
Mahindra;Verito Vibe;D2;Rs. 6,57,628;Diesel;Hatchback;5;5;Manual
Mahindra;Verito Vibe;D4;Rs. 6,85,729;Diesel;Hatchback;5;5;Manual
Mahindra;Verito Vibe;D6;Rs. 7,50,428;Diesel;Hatchback;5;5;Manual
Fiat;Urban Cross;1.3 Multijet Active;Rs. 6,77,618;Diesel;Crossover;5;5;Manual
Fiat;Urban Cross;1.3 Multijet Dynamic;Rs. 7,39,074;Diesel;Crossover;5;5;Manual
Fiat;Urban Cross;1.4 T-Jet Emotion;Rs. 9,77,516;Petrol;Crossover;5;5;Manual
Fiat;Urban Cross;1.3 Multijet Emotion;Rs. 8,10,211;Diesel;Crossover;5;5;Manual
Toyota;Glanza;G Hybrid;Rs. 7,21,900;Petrol;Hatchback;5;5;Manual
Toyota;Glanza;V;Rs. 7,58,200;Petrol;Hatchback;5;5;Manual
Toyota;Glanza;G Cvt;Rs. 8,29,900;Petrol;Hatchback;5;5;CVT
Toyota;Glanza;V Cvt;Rs. 8,90,200;Petrol;Hatchback;5;5;CVT
Toyota;Glanza;G Mt;Rs. 6,97,900;Petrol;Hatchback;5;5;Manual
Fiat;Avventura;Multijet Dynamic;Rs. 7,96,132;Diesel;Crossover;5;5;Manual
Fiat;Avventura;Multijet Active;Rs. 7,11,801;Diesel;Crossover;5;5;Manual
Fiat;Avventura;Multijet Emotion;Rs. 8,76,341;Diesel;Crossover;5;5;Manual
Honda;Jazz;V Petrol;Rs. 7,45,000;Petrol;Hatchback;5;5;Manual
Honda;Jazz;Vx Cvt;Rs. 9,09,000;Petrol;Hatchback;5;5;Automatic
Honda;Jazz;Vx Petrol;Rs. 7,89,000;Petrol;Hatchback;5;5;Manual
Honda;Jazz;V Cvt;Rs. 8,65,000;Petrol;Hatchback;5;5;Automatic
Honda;Jazz;S Diesel;Rs. 8,16,500;Diesel;Hatchback;5;5;Manual
Honda;Jazz;V Diesel;Rs. 8,96,500;Diesel;Hatchback;5;5;Manual
Honda;Jazz;Vx Diesel;Rs. 9,40,500;Diesel;Hatchback;5;5;Manual
Honda;Jazz;Exclusive Edition Cvt;Rs. 9,28,000;Petrol;Hatchback;5;5;Automatic
Jeep;Compass Trailhawk;2.0 Trailhawk 4X4 At;Rs. 26,80,000;Diesel;SUV;5;5;Automatic
Jeep;Compass Trailhawk;2.0 Trailhawk (O) 4X4 At;Rs. 27,60,000;Diesel;SUV;5;5;Automatic
Isuzu;Mu-X;4X2;Rs. 27,34,834;Diesel;SUV;5;7;Automatic
Isuzu;Mu-X;4X4;Rs. 29,31,534;Diesel;SUV;5;7;Automatic
Mahindra;Alturas G4;2Wd At;Rs. 27,70,150;Diesel;;;;Automatic
Mahindra;Alturas G4;4Wd At;Rs. 30,70,150;Diesel;SUV;5;7;Automatic
Volkswagen;Tiguan;Comfortline 2.0L Tdi Amt;Rs. 28,14,500;Diesel;SUV;5;5;Automatic
Volkswagen;Tiguan;Highline 2.0L Tdi Amt;Rs. 31,53,500;Diesel;SUV;;;Automatic
Honda;Cr-V;2Wd Petrol Cvt;Rs. 28,27,001;Petrol;SUV;5;5;Automatic
Honda;Cr-V;2Wd Diesel At;Rs. 30,67,001;Diesel;SUV;5;7;Automatic
Honda;Cr-V;Awd Diesel At;Rs. 32,77,001;Diesel;SUV;5;7;Automatic
Skoda;Superb Sportline;Sportline 1.8L Tsi At;Rs. 28,99,599;Petrol;Sedan;4;5;Automatic
Skoda;Superb Sportline;Sportline 2.0L Tdi At;Rs. 31,49,599;Diesel;Sedan;4;5;Automatic
Audi;A3;35 Tdi Premium Plus;Rs. 30,21,200;Diesel;Sedan;4;5;Automatic
Audi;A3;35 Tdi Technology;Rs. 32,21,200;Diesel;Sedan;4;5;Automatic
Audi;A3;35 Tfsi Premium Plus;Rs. 29,20,750;Petrol;Sedan;4;5;Automatic
Audi;A3;35 Tfsi Technology;Rs. 31,20,750;Petrol;Sedan;4;5;Automatic
;Mercedes-Benz B-Class;B 180 Sport;Rs. 29,88,311;Petrol;MPV;5;5;Automatic
;Mercedes-Benz B-Class;B 200 Cdi Sport;Rs. 30,89,851;Diesel;MPV;5;5;Automatic
;Mercedes-Benz B-Class;B 180 Night Edition;Rs. 31,98,662;Petrol;MPV;5;5;Automatic
;Mercedes-Benz B-Class;B 200 Cdi Night Edition;Rs. 33,03,282;Diesel;MPV;5;5;Automatic
;Mercedes-Benz Cla-Class;200 Sport;Rs. 35,99,000;Petrol;Sedan;4;5;Automatic
;Mercedes-Benz Cla-Class;200 Cdi Style;Rs. 31,72,000;Diesel;Sedan;4;5;Automatic
;Mercedes-Benz Cla-Class;200 D Sport;Rs. 36,99,000;Diesel;Sedan;4;5;Automatic
Skoda;Kodiaq;Style 2.0 Tdi 4X4 At;Rs. 32,99,599;Diesel;SUV;4;5;Automatic
Skoda;Kodiaq;Laurin And Klement;Rs. 36,78,599;Diesel;SUV;4;5;Automatic
Skoda;Kodiaq;Corporate Edition;Rs. 32,99,599;Diesel;SUV;4;5;Automatic
Dc;Avanti;Standard;Rs. 34,07,407;Petrol;Coupe;2;2;Manual
Audi;Q3;30 Tdi Premium Fwd;Rs. 36,77,200;Diesel;SUV;5;5;Manual
Audi;Q3;35 Tdi Quattro Premium Plus;Rs. 39,92,200;Diesel;SUV;5;5;Automatic
Audi;Q3;35 Tdi Quattro Technology;Rs. 43,61,000;Diesel;SUV;5;5;Automatic
Audi;Q3;30 Tfsi Premium;Rs. 34,96,750;Petrol;SUV;5;5;Automatic
Mini;Cooper 5 Door;Cooper D;Rs. 36,00,000;Petrol;Hatchback;5;5;Automatic
Mini;Convertible;Cooper S;Rs. 38,30,000;Petrol;Convertible;2;4;Automatic
Volvo;Xc40;D4 Momentum;Rs. 39,90,000;Diesel;SUV;5;5;Automatic
Volvo;Xc40;D4 Inscription;Rs. 43,90,000;Diesel;SUV;5;5;Automatic
Volvo;Xc40;T4 R-Design;Rs. 39,90,000;Petrol;SUV;5;5;Automatic
Mini;Clubman;Cooper S;Rs. 41,20,000;Petrol;Hatchback;4;5;Manual
Audi;A4;Premium Plus 35 Tfsi;Rs. 41,49,000;Petrol;Sedan;4;5;DCT
Audi;A4;Technology 35 Tfsi;Rs. 45,07,000;Petrol;Sedan;4;5;DCT
Mini;John Cooper Works;Hatch;Rs. 43,50,000;Petrol;Sports, Hatchback;3;2;Automatic
Jaguar;Xe;S Petrol;Rs. 44,98,000;Petrol;Sedan;4;5;Automatic
Jaguar;Xe;S Diesel;Rs. 44,98,000;Diesel;Sedan;4;4;Automatic
Jaguar;Xe;Se Diesel;Rs. 46,33,000;Diesel;Sedan;4;4;Automatic
Jaguar;Xe;Se Petrol;Rs. 46,33,000;Petrol;Sedan;4;5;Automatic
Jaguar;Xf;2.0 Prestige;Rs. 54,36,329;Petrol;Sedan;4;5;Automatic
Jaguar;Xf;2.0 Portfolio;Rs. 60,73,446;Petrol;Sedan;4;5;Automatic
Jaguar;Xf;2.0 Portfolio Diesel;Rs. 61,38,811;Diesel;Sedan;4;5;Automatic
Jaguar;Xf;2.0 Prestige Diesel;Rs. 55,06,622;Diesel;Sedan;4;5;Automatic
Jaguar;Xf;2.0 Pure Diesel;Rs. 49,77,080;Diesel;Sedan;4;5;Automatic
Audi;A3 Cabriolet;40 Tfsi;Rs. 50,38,000;Petrol;Convertible;2;4;Automatic
Audi;A6;Premium Plus 45 Tfsi;Rs. 54,42,200;Petrol;Sedan;4;5;Automatic
Audi;A6;Technology 45 Tfsi;Rs. 59,42,200;Petrol;Sedan;4;5;Automatic
Bmw;X3;Xdrive 20D Luxury Line;Rs. 59,30,000;Diesel;SUV;5;5;Automatic
Bmw;X3;Xdrive 30I Luxury Line;Rs. 58,80,000;Petrol;SUV;5;5;Automatic
Bmw;X3;Xdrive20D Xline;Rs. 56,00,000;Diesel;SUV;5;5;Automatic
Land Rover;Discovery Sport;S;Rs. 57,06,000;Diesel;SUV;5;7;Automatic
Land Rover;Discovery Sport;R-Dynamic Se;Rs. 60,89,000;Diesel;SUV;5;7;Automatic
Volvo;S90;D4 Inscription;Rs. 58,90,000;Diesel;Sedan;4;5;Automatic
Audi;S5;Sportback;Rs. 72,43,000;Petrol;Sedan;4;5;Automatic
Bmw;X5;Xdrive30D Sport;Rs. 73,30,000;Diesel;SUV;5;5;Automatic
Bmw;X5;Xdrive30D Xline;Rs. 82,90,000;Diesel;SUV;5;5;Automatic
Bmw;X5;Xdrive40I M Sport;Rs. 82,90,000;Petrol;SUV;5;5;Automatic
Ford;Mustang;Fastback V8;Rs. 74,62,000;Petrol;Sedan, Coupe;3;4;Automatic
Jeep;Grand Cherokee;Limited;Rs. 78,82,867;Diesel;SUV;5;5;Automatic
Jeep;Grand Cherokee;Summit;Rs. 89,31,819;Diesel;SUV;5;5;Automatic
Jeep;Grand Cherokee;Srt;Rs. 1,14,00,000;Petrol;SUV;5;5;Automatic
Jeep;Grand Cherokee;Summit Petrol;Rs. 75,15,000;Petrol;SUV;5;5;Automatic
;Mercedes-Benz E-Class Cabriolet;E400;Rs. 77,11,338;Petrol;Convertible;2;4;Automatic
Bmw;M2 Competition;Coupe;Rs. 81,80,000;Petrol;Coupe;2;4;Automatic
Porsche;718;Boxster;Rs. 89,95,000;Petrol;Convertible;2;2;Automatic
Porsche;718;Cayman;Rs. 85,95,000;Petrol;Coupe;2;2;Automatic
;Mercedes-Benz Gls;350 Cdi;Rs. 88,20,000;Diesel;SUV;4;5;Automatic
;Mercedes-Benz Gls;63 Amg;Rs. 1,91,99,181;Petrol;SUV;4;7;Automatic
;Mercedes-Benz Gls;400 4Matic;Rs. 87,76,900;Petrol;SUV;4;7;Automatic
;Mercedes-Benz Gls;Grand Edition Petrol;Rs. 86,90,000;Petrol;SUV;4;7;Automatic
;Mercedes-Benz Gls;Grand Edition Diesel;Rs. 86,90,000;Diesel;SUV;4;5;Automatic
Toyota;Land Cruiser Prado;Vx L;Rs. 96,30,000;Diesel;SUV;5;7;Automatic
Lexus;Rx 450H;450Hl Luxury;Rs. 99,00,000;Petrol;SUV;4;5;Automatic
Audi;Rs5;Coupe;Rs. 1,11,41,200;Petrol;Coupe;2;4;Automatic
Bmw;7-Series;730Ld Design Pure Excellence;Rs. 1,22,90,000;Diesel;Sedan;4;4;Automatic
Bmw;7-Series;730Ld Design Pure Excellence Signature;Rs. 1,32,00,000;Diesel;Sedan;4;4;Automatic
Bmw;7-Series;730Ld M Sport;Rs. 1,35,10,000;Diesel;Sedan;4;4;Automatic
Bmw;7-Series;740Li Design Pure Excellence Signature;Rs. 1,35,10,000;Petrol;Sedan;4;4;Automatic
Bmw;7-Series;745Le Xdrive;Rs. 1,65,00,000;Hybrid;Sedan;4;4;Automatic
Bmw;7-Series;M760Li Xdrive;Rs. 2,42,50,000;Petrol;Sedan;4;4;Automatic
Audi;Q8;55 Tfsi Quattro Tiptronic;Rs. 1,33,59,500;Petrol;SUV;5;7;Automatic
;Mercedes-Benz S-Class;S 350 D;Rs. 1,35,58,438;Diesel;Sedan;4;5;Automatic
;Mercedes-Benz S-Class;S 450;Rs. 1,39,76,653;Petrol;Sedan;4;5;Automatic
;Mercedes-Benz S-Class;Amg S 63 Coupe;Rs. 2,55,00,000;Petrol;Coupe;2;4;Automatic
Maserati;Levante;Diesel;Rs. 1,45,12,054;Diesel;SUV;4;4;Automatic
Maserati;Levante;Gransport;Rs. 1,48,63,774;Diesel;SUV;5;4;Automatic
Maserati;Levante;Granlusson;Rs. 1,53,83,399;Diesel;SUV;5;4;Automatic
;Mercedes-Benz G-Class;Amg G 63;Rs. 2,18,75,136;Petrol;SUV;5;7;Automatic
;Mercedes-Benz G-Class;G 350D;Rs. 1,50,00,000;Diesel;SUV;5;7;Automatic
Audi;A8 L;55 Tfsi Quattro;Rs. 1,56,00,000;Petrol;Sedan;4;4;Automatic
Maserati;Granturismo;Sport;Rs. 1,72,29,579;Petrol;Coupe;2;4;Automatic
Maserati;Quattroporte;Granlusso;Rs. 1,79,00,000;Diesel;Sports;4;4;Automatic
Lexus;Lc 500H;Coupe;Rs. 1,96,00,000;Hybrid;Coupe;2;4;Automatic
;Mercedes-Benz Maybach;S650;Rs. 2,73,08,312;Petrol;Sedan;4;4;Automatic
;Mercedes-Benz Maybach;S560;Rs. 1,98,90,000;Petrol;Sedan;4;4;Automatic
Porsche;Panamera;Turbo;Rs. 2,12,63,000;Petrol;Sedan;4;4;Automatic
Porsche;Panamera;Turbo Executive;Rs. 2,26,13,000;Petrol;Sedan;4;4;Automatic
Porsche;Panamera;Turbo Sport Turismo;Rs. 2,17,47,000;Petrol;Sedan;4;4;Automatic
Lexus;Lx 450D;V8;Rs. 2,32,90,000;Diesel;SUV;4;7;Automatic
;Mercedes-Benz S-Class Cabriolet;S500;Rs. 2,34,91,293;Petrol;Convertible;2;4;Automatic
Audi;R8;V10 Plus;Rs. 2,72,45,000;Petrol;Coupe;2;2;Automatic
Lamborghini;Urus;V8;Rs. 3,00,00,000;Petrol;SUV;5;5;Automatic
Bentley;Continental Gt;Coupe;Rs. 3,37,91,059;Petrol;Coupe;2;4;Automatic
Ferrari;Portofino;V8 Convertible;Rs. 3,50,00,000;Petrol;Convertible;2;2;Automatic
Bentley;Bentayga;W12;Rs. 4,59,41,557;Petrol;SUV;5;5;Automatic
Bentley;Bentayga;V8;Rs. 3,75,42,069;Petrol;SUV;5;5;Automatic
Aston Martin;Db 11;V12;Rs. 4,04,56,503;Petrol;Coupe;2;2;Automatic
Ferrari;458 Speciale;Coupe;Rs. 4,25,31,500;Petrol;Coupe;2;2;Automatic
;Rolls-Royce Ghost Series Ii;6,6;Rs. 4,67,09,733;Petrol;Sedan;4;5;Automatic
;Rolls-Royce Ghost Series Ii;Ewb;Rs. 5,32,47,201;Petrol;Sedan;4;5;Automatic
;Rolls-Royce Wraith;Coupe;Rs. 5,00,25,840;Petrol;Coupe;2;4;Automatic
Bentley;Mulsanne;Sedan;Rs. 5,25,71,294;Petrol;Sedan;4;4;Automatic
;Rolls-Royce Cullinan;Suv;Rs. 6,95,00,000;Petrol;SUV;5;5;Automatic
;Rolls-Royce Phantom Coupe;6.8 L;Rs. 7,73,12,661;Petrol;Coupe;2;4;Automatic
Bugatti;Chiron;W16;Rs. 19,21,42,937;Petrol;Sports;2;2;Automatic
Bugatti;Chiron;Sport;Rs. 21,21,55,397;Petrol;Sports;2;2;Automatic
Bajaj;Qute (Re60);Qcar;Rs. 2,63,000;Petrol;Hatchback;4;4;Manual
Bajaj;Qute (Re60);Qcar Cng;Rs. 2,83,000;CNG;Hatchback;4;4;Manual
Maruti Suzuki;Alto;Std;Rs. 2,94,800;Petrol;Hatchback;5;5;Manual
Maruti Suzuki;Alto;Std (O);Rs. 2,99,900;Petrol;Hatchback;5;5;Manual
Maruti Suzuki;Alto;Lxi;Rs. 3,52,900;Petrol;Hatchback;5;5;Manual
Maruti Suzuki;Alto;Lxi (O);Rs. 3,57,200;Petrol;Hatchback;5;5;Manual
Maruti Suzuki;Alto;Vxi;Rs. 3,76,100;Petrol;Hatchback;5;5;Manual
Maruti Suzuki;Alto;Lxi Cng (Cng +;Rs. 4,05,570;CNG + Petrol;Hatchback;5;5;Manual
Maruti Suzuki;Alto;Lxi (O) Cng (Cng +;Rs. 4,09,190;CNG + Petrol;Hatchback;5;5;Manual
Maruti Suzuki;Alto;Vxi Plus;Rs. 3,89,600;Petrol;Hatchback;5;5;Manual
Maruti Suzuki;S-Presso;Std;Rs. 3,70,500;Petrol;Hatchback;5;5;Manual
Maruti Suzuki;S-Presso;Std (O);Rs. 3,76,500;Petrol;Hatchback;5;5;Manual
Maruti Suzuki;S-Presso;Lxi;Rs. 4,09,000;Petrol;Hatchback;5;5;Manual
Maruti Suzuki;S-Presso;Lxi (O);Rs. 4,15,000;Petrol;Hatchback;5;5;Manual
Maruti Suzuki;S-Presso;Vxi;Rs. 4,32,500;Petrol;Hatchback;5;5;Manual
Maruti Suzuki;S-Presso;Vxi (O);Rs. 4,38,500;Petrol;Hatchback;5;5;Manual
Maruti Suzuki;S-Presso;Vxi Ags;Rs. 4,75,500;Petrol;Hatchback;5;5;AMT
Maruti Suzuki;S-Presso;Vxi+;Rs. 4,56,000;Petrol;Hatchback;5;5;Manual
Maruti Suzuki;S-Presso;Vxi (O) Ags;Rs. 4,81,500;Petrol;Hatchback;5;5;AMT
Maruti Suzuki;S-Presso;Vxi+ Ags;Rs. 4,99,000;Petrol;Hatchback;5;5;AMT
Maruti Suzuki;Celerio;Lxi;Rs. 4,26,289;Petrol;Hatchback;5;5;Manual
Maruti Suzuki;Celerio;Vxi;Rs. 4,65,138;Petrol;Hatchback;5;5;Manual
Maruti Suzuki;Celerio;Vxi At;Rs. 5,08,138;Petrol;Hatchback;5;5;Automatic
Maruti Suzuki;Celerio;Zxi;Rs. 4,90,924;Petrol;Hatchback;5;5;Manual
Maruti Suzuki;Celerio;Zxi (Opt);Rs. 5,31,279;Petrol;Hatchback;5;5;Manual
Maruti Suzuki;Celerio;Vxi Cng Mt;Rs. 5,30,000;CNG;Hatchback;5;5;Manual
Maruti Suzuki;Celerio;Zxi Ags;Rs. 5,33,924;Petrol;Hatchback;5;5;Automatic
Maruti Suzuki;Celerio;Lxi Mt (O);Rs. 4,34,659;Petrol;Hatchback;5;5;Manual
Maruti Suzuki;Celerio;Vxi (O) Mt;Rs. 4,72,257;Petrol;Hatchback;5;5;Manual
Maruti Suzuki;Celerio;Vxi (O) Ags;Rs. 5,15,257;Petrol;Hatchback;5;5;Automatic
Maruti Suzuki;Celerio;Zxi (O) Ags;Rs. 5,43,279;Petrol;Hatchback;5;5;Automatic
Hyundai;Grand I10 Prime;Era T Crdi;Rs. 5,51,530;Diesel;Hatchback;5;5;Manual
Hyundai;Grand I10 Prime;Era T+ Crdi;Rs. 5,68,930;Diesel;Hatchback;5;5;Manual
Hyundai;Grand I10 Prime;Era T Vtvt;Rs. 4,60,369;Petrol;Hatchback;5;5;Manual
Hyundai;Grand I10 Prime;Era T+ Vtvt;Rs. 4,77,511;Petrol;Hatchback;5;5;Manual
Hyundai;Grand I10 Prime;Era T+ Cng Vtvt;Rs. 5,45,946;CNG;Hatchback;5;5;Manual
Hyundai;Grand I10 Prime;Era T Cng Vtvt;Rs. 5,28,804;CNG;Hatchback;5;5;Manual
Mahindra;Kuv100 Nxt;K2 6Str;Rs. 4,88,194;Petrol;Hatchback;5;6;Manual
Mahindra;Kuv100 Nxt;K2+ 6Str;Rs. 5,32,184;Petrol;Hatchback;5;6;Manual
Mahindra;Kuv100 Nxt;K2 D 6Str;Rs. 5,90,798;Diesel;Hatchback;5;6;Manual
Mahindra;Kuv100 Nxt;K2+ D 6Str;Rs. 6,19,243;Diesel;Hatchback;5;6;Manual
Mahindra;Kuv100 Nxt;K4+ D 6Str;Rs. 6,67,273;Diesel;Hatchback;5;6;Manual
Mahindra;Kuv100 Nxt;K4+ 6Str;Rs. 5,79,645;Petrol;Hatchback;5;6;Manual
Mahindra;Kuv100 Nxt;K6+ 6Str;Rs. 6,31,144;Petrol;Hatchback;5;6;Manual
Mahindra;Kuv100 Nxt;K6+ D 6Str;Rs. 7,54,548;Diesel;Hatchback;5;6;Manual
Mahindra;Kuv100 Nxt;K8 6Str;Rs. 6,93,550;Petrol;Hatchback;5;6;Manual
Mahindra;Kuv100 Nxt;K8 D 6Str;Rs. 7,87,304;Diesel;Hatchback;5;6;Manual
Mahindra;Kuv100 Nxt;K8 6 Str Dual Tone;Rs. 7,01,045;Petrol;Hatchback;5;6;Manual
Mahindra;Kuv100 Nxt;K8 D 6 Str Dual Tone;Rs. 7,94,800;Diesel;Hatchback;5;6;Manual
Mahindra;Kuv100 Nxt;K4+ 5Str;Rs. 5,73,250;Petrol;Hatchback;5;5;Manual
Mahindra;Kuv100 Nxt;K6+ 5Str;Rs. 6,31,146;Petrol;Hatchback;5;5;Manual
Mahindra;Kuv100 Nxt;K8 5Str;Rs. 6,87,175;Petrol;Hatchback;5;5;Manual
Mahindra;Kuv100 Nxt;K4+ D 5Str;Rs. 6,60,832;Diesel;Hatchback;5;5;Manual
Mahindra;Kuv100 Nxt;K6+ D 5Str;Rs. 7,48,128;Diesel;Hatchback;5;5;Manual
Mahindra;Kuv100 Nxt;K8 D 5Str;Rs. 7,80,884;Diesel;Hatchback;5;5;Manual
Mahindra;Kuv100 Nxt;K2 D 5Str Taxi;Rs. 5,50,155;Diesel;Hatchback;5;5;Manual
Mahindra;Kuv100 Nxt;K2 D 6Str Taxi;Rs. 5,59,741;Diesel;Hatchback;5;6;Manual
Mahindra;Kuv100 Nxt;K2 5Str Cng Taxi;Rs. 5,24,312;Petrol;Hatchback;5;5;Manual
Mahindra;Kuv100 Nxt;K2 6Str Cng Taxi;Rs. 5,42,913;Petrol;Hatchback;5;6;Manual
Maruti Suzuki;Swift;Lxi;Rs. 5,19,000;Petrol;Hatchback;5;5;Manual
Maruti Suzuki;Swift;Vxi;Rs. 6,19,000;Petrol;Hatchback;5;5;Manual
Maruti Suzuki;Swift;Vxi Amt;Rs. 6,66,000;Petrol;Hatchback;5;5;Automatic
Maruti Suzuki;Swift;Zxi;Rs. 6,78,000;Petrol;Hatchback;5;5;Manual
Maruti Suzuki;Swift;Zxi Amt;Rs. 7,25,000;Petrol;Hatchback;5;5;Automatic
Maruti Suzuki;Swift;Zxi Plus;Rs. 7,58,000;Petrol;Hatchback;5;5;Manual
Maruti Suzuki;Swift;Ldi;Rs. 5,99,000;Diesel;Hatchback;5;5;Manual
Maruti Suzuki;Swift;Vdi;Rs. 6,98,000;Diesel;Hatchback;5;5;Manual
Maruti Suzuki;Swift;Vdi Amt;Rs. 7,45,000;Diesel;Hatchback;5;5;Automatic
Maruti Suzuki;Swift;Zdi;Rs. 7,57,000;Diesel;Hatchback;5;5;Manual
Maruti Suzuki;Swift;Zdi Amt;Rs. 8,04,000;Diesel;Hatchback;5;5;Automatic
Maruti Suzuki;Swift;Zdi Plus;Rs. 8,38,000;Diesel;Hatchback;5;5;Manual
Maruti Suzuki;Swift;Zxi Plus Amt;Rs. 8,02,000;Petrol;Hatchback;5;5;Automatic
Maruti Suzuki;Swift;Zdi Plus Amt;Rs. 8,84,000;Diesel;Hatchback;5;5;Automatic
Tata;Altroz;Xe Petrol;Rs. 5,29,000;Petrol;Hatchback;5;5;Manual
Tata;Altroz;Xm Petrol;Rs. 6,15,000;Petrol;Hatchback;5;5;Manual
Tata;Altroz;Xt Petrol;Rs. 6,84,000;Petrol;Hatchback;5;5;Manual
Tata;Altroz;Xz Petrol;Rs. 7,44,000;Petrol;Hatchback;5;5;Manual
Tata;Altroz;Xz (O) Petrol;Rs. 7,69,000;Petrol;Hatchback;5;5;Manual
Tata;Altroz;Xe Diesel;Rs. 6,99,000;Diesel;Hatchback;5;5;Manual
Tata;Altroz;Xm Diesel;Rs. 7,75,000;Diesel;Hatchback;5;5;Manual
Tata;Altroz;Xt Diesel;Rs. 8,44,000;Diesel;Hatchback;5;5;Manual
Tata;Altroz;Xz Diesel;Rs. 9,04,000;Diesel;Hatchback;5;5;Manual
Tata;Altroz;Xz (O) Diesel;Rs. 9,29,000;Diesel;Hatchback;5;5;Manual
Icml;Extreme;Ld Di Non Ac 9 Seater Bsiii;Rs. 6,42,478;Diesel;SUV;5;9;Manual
Icml;Extreme;Ld Crdfi Non Ac 9 Seater Bsiv;Rs. 5,89,678;Diesel;SUV;5;9;Manual
Icml;Extreme;Ld Di Ps Ac 9 Seater Bsiii;Rs. 6,89,761;Diesel;SUV;5;9;Manual
Icml;Extreme;Ld Crdfi Ps Ac 9 Seater Bsiii;Rs. 7,88,177;Diesel;SUV;5;9;Manual
Icml;Extreme;Sd Di 9 Seater Bsiii;Rs. 26,50,777;Diesel;SUV;5;9;Manual
Icml;Extreme;Ld Crdfi Ps Ac 9 Seater Bsiv;Rs. 6,28,072;Diesel;SUV;5;9;Manual
Icml;Extreme;Vd Crdfi 7 Seater Bsiii;Rs. 9,00,967;Diesel;SUV;5;7;Manual
Icml;Extreme;Vd Di 7 Seater Bsiii;Rs. 14,65,148;Diesel;SUV;5;7;Manual
Icml;Extreme;Sd Crdfi 9 Seater Bsiv;Rs. 5,52,890;Diesel;SUV;5;9;Manual
Icml;Extreme;Vd Crdfi 7 Seater Bsiv;Rs. 9,27,689;Diesel;SUV;5;7;Manual
Icml;Extreme;Sd Crdfi 9 Seater Bsiii;Rs. 8,35,275;Diesel;SUV;5;9;Manual
Tata;Tigor;Revotron Xe;Rs. 5,75,000;Petrol;Sedan;4;5;Manual
Tata;Tigor;Revotron Xm;Rs. 6,10,000;Petrol;Sedan;4;5;Manual
Tata;Tigor;Revotron Xz;Rs. 6,50,000;Petrol;Sedan;4;5;Manual
Tata;Tigor;Revotron Xz Plus;Rs. 6,99,000;Petrol;Sedan;4;5;Manual
Tata;Tigor;Revotron Xma;Rs. 6,60,000;Petrol;Sedan;4;5;AMT
Tata;Tigor;Revotron Xza Plus;Rs. 7,49,000;Petrol;Sedan;4;5;AMT
Tata;Zest;Xe Petrol;Rs. 5,82,287;Petrol;Sedan;4;5;Manual
Tata;Zest;Xe Diesel;Rs. 7,02,946;Diesel;Sedan;4;5;Manual
Tata;Zest;Xm Petrol;Rs. 6,53,926;Petrol;Sedan;4;5;Manual
Tata;Zest;Xms Petrol;Rs. 6,72,641;Petrol;Sedan;4;5;Manual
Tata;Zest;Xt Petrol;Rs. 7,32,475;Petrol;Sedan;4;5;Manual
Tata;Zest;Xm Diesel;Rs. 7,67,317;Diesel;Sedan;4;5;Manual
Tata;Zest;Xms Diesel;Rs. 7,93,898;Diesel;Sedan;5;5;Manual
Tata;Zest;Xt Diesel;Rs. 8,55,362;Diesel;Sedan;4;5;Manual
Tata;Zest;Xma Diesel;Rs. 8,36,320;Diesel;Sedan;4;5;AMT
Tata;Zest;Xta Diesel;Rs. 9,89,000;Diesel;Sedan;4;5;Automatic
Tata;Zest;Zest Premio Edition;Rs. 7,88,797;Diesel;Sedan;5;5;Manual
Honda;Amaze;S Cvt Petrol;Rs. 7,63,000;Petrol;Sedan;4;5;Automatic
Honda;Amaze;E Mt Diesel;Rs. 7,05,000;Diesel;Sedan;4;5;Manual
Honda;Amaze;E Mt Petrol;Rs. 5,93,000;Petrol;Sedan;4;5;Manual
Honda;Amaze;S Cvt Diesel;Rs. 8,65,000;Diesel;Sedan;4;5;Automatic
Honda;Amaze;V Cvt Petrol;Rs. 8,23,000;Petrol;Sedan;4;5;Automatic
Honda;Amaze;V Cvt Diesel;Rs. 9,25,000;Diesel;Sedan;4;5;Automatic
Honda;Amaze;S Mt Diesel;Rs. 7,85,000;Diesel;Sedan;4;5;Manual
Honda;Amaze;Vx Mt Diesel;Rs. 8,93,000;Diesel;Sedan;4;5;Manual
Honda;Amaze;V Mt Diesel;Rs. 8,45,000;Diesel;Sedan;4;5;Manual
Honda;Amaze;Vx Mt Petrol;Rs. 7,81,000;Petrol;Sedan;4;5;Manual
Honda;Amaze;V Mt Petrol;Rs. 7,33,000;Petrol;Sedan;4;5;Manual
Honda;Amaze;S Mt Petrol;Rs. 6,73,000;Petrol;Sedan;4;5;Manual
Honda;Amaze;Exclusive Edition Diesel;Rs. 9,06,000;Diesel;Sedan;4;5;Manual
Honda;Amaze;Exclusive Edition Petrol;Rs. 7,94,000;Petrol;Sedan;4;5;Manual
Honda;Amaze;Vx Cvt Diesel;Rs. 9,66,000;Diesel;Sedan;4;5;Automatic
Honda;Amaze;Vx Cvt Petrol;Rs. 8,64,000;Petrol;Sedan;4;5;Automatic
Honda;Amaze;Ace Edition Cvt Diesel;Rs. 9,79,300;Diesel;Sedan;4;5;Automatic
Honda;Amaze;Ace Edition Cvt Petrol;Rs. 8,77,300;Petrol;Sedan;4;5;Automatic
Honda;Amaze;Ace Edition Mt Diesel;Rs. 9,06,300;Diesel;Sedan;4;5;Manual
Honda;Amaze;Ace Edition Mt Petrol;Rs. 7,94,300;Petrol;Sedan;4;5;Manual
Maruti Suzuki;Gypsy;Hard Top;Rs. 6,37,343;Petrol;SUV;3;8;Manual
Maruti Suzuki;Gypsy;Soft Top;Rs. 6,22,730;Petrol;SUV;3;8;Manual
Hyundai;Venue;1.2 Kappa Mt E;Rs. 6,55,000;Petrol;SUV;5;5;Manual
Hyundai;Venue;1.0 Turbo Gdi Mt S;Rs. 8,26,000;Petrol;SUV;5;5;Manual
Hyundai;Venue;1.4 Crdi Mt E;Rs. 7,80,000;Diesel;SUV;5;5;Manual
Hyundai;Venue;1.0 Turbo Gdi Mt Sx;Rs. 9,59,000;Petrol;SUV;5;5;Manual
Hyundai;Venue;1.0 Turbo Gdi Mt Sx Dual Tone;Rs. 9,74,000;Petrol;SUV;5;5;Manual
Hyundai;Venue;1.0 Turbo Gdi Mt Sx(O);Rs. 10,65,000;Petrol;SUV;5;5;Manual
Hyundai;Venue;1.0 Turbo Gdi Dct S;Rs. 9,40,000;Petrol;SUV;5;5;DCT
Hyundai;Venue;1.0 Turbo Gdi Dct Sx Plus;Rs. 11,15,500;Petrol;SUV;5;5;DCT
Hyundai;Venue;1.2 Kappa Mt S;Rs. 7,25,000;Petrol;SUV;5;5;Manual
Hyundai;Venue;1.4 Crdi Mt S;Rs. 8,50,000;Diesel;SUV;5;5;Manual
Hyundai;Venue;1.4 Crdi Mt Sx;Rs. 9,83,000;Diesel;SUV;5;5;Manual
Hyundai;Venue;1.4 Crdi Mt Sx Dual Tone;Rs. 9,98,000;Diesel;SUV;5;5;Manual
Hyundai;Venue;1.4 Crdi Mt Sx(O);Rs. 10,89,000;Diesel;SUV;5;5;Manual
Tata;Nexon;Xe;Rs. 6,95,000;Petrol;SUV;5;5;Manual
Tata;Nexon;Xm;Rs. 7,70,000;Petrol;SUV;5;5;Manual
Tata;Nexon;Xz;Rs. 8,70,000;Petrol;SUV;5;5;Manual
Tata;Nexon;Xz Plus;Rs. 9,50,000;Petrol;SUV;5;5;Manual
Tata;Nexon;Xz Plus Dual Tone;Rs. 9,70,000;Petrol;SUV;5;5;Manual
Tata;Nexon;Xz Plus (O);Rs. 10,40,000;Petrol;SUV;5;5;Manual
Tata;Nexon;Xz Plus (O) Dual Tone;Rs. 10,60,000;Petrol;SUV;5;5;Automatic
Tata;Nexon;Xma;Rs. 8,30,000;Petrol;SUV;5;5;Automatic
Tata;Nexon;Xza Plus;Rs. 10,10,000;Petrol;SUV;5;5;Automatic
Tata;Nexon;Xza Plus Dual Tone;Rs. 10,30,000;Petrol;SUV;5;5;Automatic
Tata;Nexon;Xza Plus (O);Rs. 11,00,000;Petrol;SUV;5;5;Automatic
Tata;Nexon;Xza Plus (O) Dual Tone;Rs. 11,20,000;Petrol;SUV;5;5;Automatic
Tata;Nexon;Xe Diesel;Rs. 8,45,000;Diesel;SUV;5;5;Manual
Tata;Nexon;Xm Diesel;Rs. 9,20,000;Diesel;SUV;5;5;Manual
Tata;Nexon;Xz Diesel;Rs. 10,20,000;Diesel;SUV;5;5;Manual
Tata;Nexon;Xz Plus Diesel;Rs. 11,00,000;Diesel;SUV;5;5;Manual
Tata;Nexon;Xz Plus Diesel Dual Tone;Rs. 11,20,000;Diesel;SUV;5;5;Manual
Tata;Nexon;Xz Plus (O) Diesel;Rs. 11,90,000;Diesel;SUV;5;5;Manual
Tata;Nexon;Xz Plus (O) Diesel Dual Tone;Rs. 12,10,000;Diesel;SUV;5;5;Manual
Tata;Nexon;Xma Diesel;Rs. 9,80,000;Diesel;SUV;5;5;Automatic
Tata;Nexon;Xza Plus Diesel;Rs. 11,60,000;Diesel;SUV;5;5;Automatic
Tata;Nexon;Xza Plus Diesel Dual Tone;Rs. 11,80,000;Diesel;SUV;5;5;Automatic
Tata;Nexon;Xza Plus (O) Diesel;Rs. 12,50,000;Diesel;SUV;5;5;Automatic
Tata;Nexon;Xza Plus (O) Diesel Dual Tone;Rs. 12,70,000;Diesel;SUV;5;5;Automatic
Fiat;Linea;Active Fire;Rs. 7,15,860;Petrol;Sedan;4;5;Manual
Fiat;Linea;Active Multijet;Rs. 8,62,175;Diesel;Sedan;4;5;Manual
Fiat;Linea;Dynamic Multijet;Rs. 9,32,025;Diesel;Sedan;5;5;Manual
Fiat;Linea;Emotion Multijet;Rs. 9,91,434;Diesel;Sedan;4;5;Manual
Fiat;Linea;T-Jet Emotion;Rs. 9,97,763;Petrol;Sedan;4;5;Manual
Mahindra;Bolero Power Plus;Zlx;Rs. 8,86,398;Diesel;SUV;5;7;Manual
Mahindra;Bolero Power Plus;Slx;Rs. 8,51,302;Diesel;SUV;5;7;Manual
Mahindra;Bolero Power Plus;Sle;Rs. 7,85,656;Diesel;SUV;5;7;Manual
Mahindra;Bolero Power Plus;Lx;Rs. 7,49,192;Diesel;SUV;5;7;Manual
Mahindra;Bolero Power Plus;Plus Ac Bs4 Ps;Rs. 8,59,497;Diesel;SUV;5;7;Manual
Mahindra;Bolero Power Plus;Plus Non Ac Bs4 Ps;Rs. 8,19,117;Diesel;SUV;5;9;Manual
Maruti Suzuki;Vitara Brezza;Ldi;Rs. 7,62,742;Diesel;SUV;5;5;Manual
Maruti Suzuki;Vitara Brezza;Vdi;Rs. 8,14,742;Diesel;SUV;5;5;Manual
Maruti Suzuki;Vitara Brezza;Zdi;Rs. 8,92,243;Diesel;SUV;5;5;Manual
Maruti Suzuki;Vitara Brezza;Zdi+;Rs. 9,87,743;Diesel;SUV;5;5;Manual
Maruti Suzuki;Vitara Brezza;Zdi+ Dual Tone;Rs. 10,03,552;Diesel;SUV;5;5;Manual
Maruti Suzuki;Vitara Brezza;Zdi+ Ags;Rs. 10,37,742;Diesel;SUV;5;5;Manual
Maruti Suzuki;Vitara Brezza;Vdi Ags;Rs. 8,64,742;Diesel;SUV;5;5;Automatic
Maruti Suzuki;Vitara Brezza;Zdi Ags;Rs. 9,42,243;Diesel;SUV;5;5;Automatic
Maruti Suzuki;Vitara Brezza;Zdi+ Dual Tone Ags;Rs. 10,59,742;Diesel;SUV;5;5;Automatic
Hyundai;I20 Active;1.2 S;Rs. 7,74,035;Petrol;Hatchback;5;5;Manual
Hyundai;I20 Active;1.2 Sx;Rs. 8,58,536;Petrol;Hatchback;5;5;Manual
Hyundai;I20 Active;1.2 Sx Dual Tone;Rs. 8,82,298;Petrol;Hatchback;5;5;Manual
Hyundai;I20 Active;1.4 Sx;Rs. 9,93,393;Diesel;Hatchback;5;5;Manual
Ford;Ecosport;1.5L Ti-Vct Ambiente;Rs. 7,91,000;Petrol;SUV;5;5;Manual
Ford;Ecosport;1.5L Ti-Vct Trend;Rs. 8,71,000;Petrol;SUV;5;5;Manual
Ford;Ecosport;1.5L Ti-Vct Titanium;Rs. 9,50,000;Petrol;SUV;5;5;Manual
Ford;Ecosport;1.5L Ti-Vct Titanium Plus At;Rs. 11,30,000;Petrol;SUV;5;5;Automatic
Ford;Ecosport;1.5L Tdci Ambiente;Rs. 8,41,000;Diesel;SUV;5;5;Manual
Ford;Ecosport;1.5L Tdci Trend;Rs. 9,21,000;Diesel;SUV;5;5;Manual
Ford;Ecosport;1.5L Tdci Titanium;Rs. 9,99,900;Diesel;SUV;5;5;Manual
Ford;Ecosport;1.5L Tdci Titanium Plus;Rs. 10,90,000;Diesel;SUV;5;5;Manual
Ford;Ecosport;1.5L Ti-Vct Titanium Plus;Rs. 9,99,900;Petrol;SUV;5;5;Manual
Ford;Ecosport;1.5L Tdci Titanium S;Rs. 11,45,000;Diesel;SUV;5;5;Manual
Ford;Ecosport;1.5L Ti-Vct Thunder Edition;Rs. 9,99,900;Petrol;SUV;5;5;Manual
Ford;Ecosport;1.5L Tdci Thunder Edition;Rs. 10,90,000;Diesel;SUV;5;5;Manual
Renault;Duster;Rxe Petrol;Rs. 7,99,990;Petrol;SUV;5;5;Manual
Renault;Duster;Rxs Petrol;Rs. 9,19,990;Petrol;SUV;5;5;Manual
Renault;Duster;Rxs (Opt) Cvt;Rs. 9,99,990;Petrol;SUV;5;5;CVT
Renault;Duster;85 Ps Rxe Mt Diesel;Rs. 9,29,990;Diesel;SUV;5;5;Manual
Renault;Duster;85 Ps Rxs Mt Diesel;Rs. 9,99,990;Diesel;SUV;5;5;Manual
Renault;Duster;110 Ps Rxs Mt Diesel;Rs. 11,19,990;Diesel;SUV;5;5;Automatic
Renault;Duster;110 Ps Rxz Mt Diesel;Rs. 12,09,990;Diesel;SUV;5;5;Automatic
Renault;Duster;110 Ps Rxz Amt Diesel;Rs. 12,49,990;Diesel;SUV;5;5;Automatic
Renault;Duster;110 Ps Rxs Awd (Opt) Diesel;Rs. 12,49,990;Diesel;SUV;5;5;Automatic
Hyundai;Verna;1.6 Vtvt Sx;Rs. 9,99,900;Petrol;Sedan;4;5;Manual
Hyundai;Verna;1.6 Crdi Sx;Rs. 11,72,544;Diesel;Sedan;4;5;Manual
Hyundai;Verna;1.6 Crdi Sx (O);Rs. 13,01,881;Diesel;Sedan;4;5;Manual
Hyundai;Verna;1.6 Vtvt Sx (O);Rs. 11,72,999;Petrol;Sedan;4;5;Manual
Hyundai;Verna;1.6 Crdi Sx Plus At;Rs. 13,28,545;Diesel;Sedan;4;5;Automatic
Hyundai;Verna;1.6 Vtvt Sx(O) At;Rs. 12,87,999;Petrol;Sedan;4;5;Automatic
Hyundai;Verna;1.4 Vtvt Ex;Rs. 9,33,182;Petrol;Sedan;4;5;Manual
Hyundai;Verna;1.4 Vtvt E;Rs. 8,17,867;Petrol;Sedan;4;5;Manual
Hyundai;Verna;1.6 Vtvt Sx (O) Anniversary Edition;Rs. 11,78,894;Petrol;Sedan;4;5;Manual
Hyundai;Verna;1.6 Vtvt Sx Plus At;Rs. 11,62,875;Petrol;Sedan;4;5;Automatic
Hyundai;Verna;1.6 Crdi Sx(O) At;Rs. 14,07,871;Diesel;Sedan;4;5;Automatic
Hyundai;Verna;1.4 Crdi E;Rs. 9,42,867;Diesel;Sedan;4;5;Manual
Hyundai;Verna;1.4 Crdi Ex;Rs. 9,99,900;Diesel;Sedan;4;5;Manual
Mahindra;Xuv300;1.2 W4;Rs. 8,30,127;Petrol;SUV;5;5;Manual
Mahindra;Xuv300;1.2 W6;Rs. 9,15,128;Petrol;SUV;5;5;Manual
Mahindra;Xuv300;1.2 W8;Rs. 10,60,129;Petrol;SUV;5;5;Manual
Mahindra;Xuv300;1.2 W8(O);Rs. 11,84,129;Petrol;SUV;5;5;Manual
Mahindra;Xuv300;1.5 W4;Rs. 8,69,131;Diesel;SUV;5;5;Manual
Mahindra;Xuv300;1.5 W6;Rs. 9,50,131;Diesel;SUV;5;5;Manual
Mahindra;Xuv300;1.5 W8;Rs. 10,95,129;Diesel;SUV;5;5;Manual
Mahindra;Xuv300;1.5 W8 (O);Rs. 12,14,130;Diesel;SUV;5;5;Manual
Mahindra;Xuv300;1.5 W8 Amt;Rs. 11,49,800;Diesel;SUV;5;5;Automatic
Mahindra;Xuv300;1.5 W8 (O) Amt;Rs. 12,69,131;Diesel;SUV;5;5;Automatic
Mahindra;Xuv300;1.5 W6 Amt;Rs. 9,99,000;Diesel;SUV;5;5;AMT
Renault;Lodgy;85 Ps Std;Rs. 8,63,299;Diesel;MUV;4;8;Manual
Renault;Lodgy;85 Ps Rxe 8 Seater;Rs. 9,64,199;Diesel;MUV;4;8;Manual
Renault;Lodgy;Stepway Rxz 110Ps 8-Seater;Rs. 12,11,599;Diesel;MUV;4;;Manual
Renault;Lodgy;Stepway Rxz 110Ps 7-Seater;Rs. 12,11,599;Diesel;MUV;4;7;Manual
Renault;Lodgy;Stepway Rxl 85Ps 8-Seater;Rs. 10,53,899;Diesel;MUV;4;8;Manual
Renault;Lodgy;Stepway Rxz 85Ps 8-Seater;Rs. 11,30,099;Diesel;MUV;4;8;Manual
Renault;Lodgy;85 Ps Rxe 7 Seater;Rs. 9,64,199;Diesel;MUV;4;7;Manual
Volkswagen;Vento;Trendline 1.6 (P);Rs. 8,76,500;Petrol;Sedan;5;5;Manual
Volkswagen;Vento;Highline 1.6 (P);Rs. 9,99,900;Petrol;Sedan;4;5;Manual
Volkswagen;Vento;Comfortline 1.6 (P);Rs. 9,99,900;Petrol;Sedan;4;5;Manual
Volkswagen;Vento;Highline 1.2 (P) Dsg;Rs. 11,97,500;Petrol;Sedan;4;5;Automatic
Volkswagen;Vento;Highline Plus 1.2 (P) Dsg;Rs. 14,49,500;Petrol;Sedan;4;5;Automatic
Volkswagen;Vento;Trendline 1.5 (D);Rs. 9,58,500;Diesel;Sedan;4;5;Manual
Volkswagen;Vento;Comfortline 1.5 (D);Rs. 9,99,900;Diesel;Sedan;4;5;Manual
Volkswagen;Vento;Highline 1.5 (D);Rs. 12,10,500;Diesel;Sedan;4;5;Manual
Volkswagen;Vento;Highline 1.5 (D) Dsg;Rs. 13,36,500;Diesel;Sedan;4;5;Automatic
Volkswagen;Vento;Highline Plus 1.5 (D) Dsg;Rs. 13,17,500;Diesel;Sedan;4;5;Automatic
Volkswagen;Vento;Gt Line (D);Rs. 14,49,500;Diesel;Hatchback;5;5;Manual
Volkswagen;Vento;Gt Line (P) Dsg;Rs. 13,17,500;Petrol;Hatchback;5;5;Automatic
Mahindra;E2O Plus;P4;Rs. 8,81,425;Electric;Hatchback;4;4;Automatic
Mahindra;E2O Plus;P6;Rs. 9,57,177;Electric;Hatchback;4;4;Automatic
Tata;Tigor Ev;Xm+;Rs. 9,60,868;Electric;Sedan;5;5;Automatic
Tata;Tigor Ev;Xt+;Rs. 9,75,868;Electric;Sedan;5;5;Automatic
Tata;Tigor Ev;Xe+;Rs. 9,44,175;Electric;Sedan;5;5;Automatic
Honda;Brv;E Petrol;Rs. 9,52,900;Petrol;SUV;5;7;Manual
Honda;Brv;S Petrol;Rs. 10,52,900;Petrol;SUV;5;7;Manual
Honda;Brv;V Petrol;Rs. 11,67,900;Petrol;SUV;5;7;Manual
Honda;Brv;Vx Petrol;Rs. 12,71,900;Petrol;SUV;5;7;Manual
Honda;Brv;V Cvt Petrol;Rs. 12,85,900;Petrol;SUV;5;7;Automatic
Honda;Brv;S Diesel;Rs. 11,87,900;Diesel;SUV;5;7;Manual
Honda;Brv;V Diesel;Rs. 12,73,900;Diesel;SUV;5;7;Manual
Honda;Brv;Vx Diesel;Rs. 13,82,900;Diesel;SUV;5;7;Manual
Mahindra;Thar;Crde;Rs. 9,59,860;Diesel;SUV;3;6;Manual
Mahindra;Thar;700 Special Edition;Rs. 9,99,148;Diesel;SUV;3;6;Manual
Mahindra;Thar;Crde Abs;Rs. 9,74,860;Diesel;SUV;3;6;Manual
Force;Gurkha;Xpedition 5 Door;Rs. 9,99,000;Diesel;SUV;5;7;Manual
Force;Gurkha;Xplorer 3 Door;Rs. 10,75,000;Diesel;SUV;3;5;Manual
Force;Gurkha;Xtreme;Rs. 12,99,000;Diesel;SUV;3;5;Manual
Force;Gurkha;Xtreme Abs;Rs. 13,30,000;Diesel;SUV;3;5;Manual
Force;Gurkha;Xpedition 3 Door;Rs. 9,75,000;Diesel;SUV;5;7;Manual
Force;Gurkha;Xplorer 5 Door;Rs. 12,25,000;Diesel;SUV;5;5;Manual
Maruti Suzuki;Xl6;Zeta Mt;Rs. 9,84,689;Petrol;MPV;5;6;Manual
Maruti Suzuki;Xl6;Alpha Mt;Rs. 10,41,189;Petrol;MPV;5;6;Manual
Maruti Suzuki;Xl6;Zeta At;Rs. 10,94,689;Petrol;MPV;5;6;Automatic
Maruti Suzuki;Xl6;Alpha At;Rs. 11,51,189;Petrol;MPV;5;6;Automatic
Fiat;Abarth Avventura;1.4 T-Jet;Rs. 9,89,219;Petrol;Crossover;5;5;Manual
Mahindra;Tuv300 Plus;P4;Rs. 9,92,748;Diesel;SUV;5;9;Manual
Mahindra;Tuv300 Plus;P6;Rs. 10,29,650;Diesel;SUV;5;9;Manual
Mahindra;Tuv300 Plus;P8;Rs. 11,42,157;Diesel;SUV;5;9;Manual
Mahindra;Marazzo;M2 7 Str;Rs. 9,99,900;Diesel;MPV;5;7;Manual
Mahindra;Marazzo;M4 7 Str;Rs. 11,56,471;Diesel;MPV;5;7;Manual
Mahindra;Marazzo;M6 7 Str;Rs. 13,08,592;Diesel;MPV;5;7;Manual
Mahindra;Marazzo;M8 7 Str;Rs. 14,68,440;Diesel;MPV;5;7;Manual
Mahindra;Marazzo;M2 8 Str;Rs. 9,99,900;Diesel;MPV;5;8;Manual
Mahindra;Marazzo;M4 8 Str;Rs. 11,64,569;Diesel;MPV;5;8;Manual
Mahindra;Marazzo;M6 8 Str;Rs. 13,16,690;Diesel;MPV;5;8;Manual
Mahindra;Marazzo;M8 8 Str;Rs. 14,76,538;Diesel;MPV;5;8;Manual
Mahindra;Scorpio;S3 2Wd;Rs. 9,99,994;Diesel;SUV;5;9;Manual
Mahindra;Scorpio;4Wd Getaway;Rs. 12,36,258;Diesel;SUV;5;5;Manual
Mahindra;Scorpio;2Wd Getaway;Rs. 11,23,158;Diesel;SUV;5;5;Manual
Mahindra;Scorpio;S5 2Wd;Rs. 12,20,030;Diesel;SUV;5;9;Manual
Mahindra;Scorpio;S7 120 2Wd;Rs. 13,30,006;Diesel;SUV;5;9;Manual
Mahindra;Scorpio;S7 140 2Wd;Rs. 13,60,668;Diesel;SUV;5;9;Manual
Mahindra;Scorpio;S11 2Wd;Rs. 15,40,081;Diesel;SUV;5;9;Manual
Mahindra;Scorpio;S11 4Wd;Rs. 16,63,054;Diesel;SUV;5;9;Manual
Mahindra;Scorpio;S9 2Wd;Rs. 14,23,710;Diesel;SUV;5;9;Manual
Skoda;Monte Carlo;Monte Carlo 1.5 Tdi At;Rs. 14,25,599;Diesel;Sedan;4;5;Automatic
Skoda;Monte Carlo;Monte Carlo 1.6 Mpi At;Rs. 12,69,599;Petrol;Sedan;4;5;Automatic
Skoda;Monte Carlo;Monte Carlo 1.5 Tdi Mt;Rs. 12,99,599;Diesel;Sedan;4;5;Manual
Skoda;Monte Carlo;Monte Carlo 1.6 Mpi Mt;Rs. 11,39,599;Petrol;Sedan;4;5;Manual
Mahindra;Xuv500;G At;Rs. 16,10,180;Petrol;SUV;5;7;Automatic
Mahindra;Xuv500;W7;Rs. 14,18,313;Diesel;SUV;5;7;Manual
Mahindra;Xuv500;W7 At;Rs. 15,39,488;Diesel;SUV;5;7;Automatic
Mahindra;Xuv500;W9;Rs. 15,88,943;Diesel;SUV;5;7;Manual
Mahindra;Xuv500;W9 At;Rs. 17,10,118;Diesel;SUV;5;7;Automatic
Mahindra;Xuv500;W11;Rs. 17,16,319;Diesel;SUV;5;7;Manual
Mahindra;Xuv500;W11 At;Rs. 18,37,586;Diesel;SUV;5;7;Automatic
Mahindra;Xuv500;W11 (O);Rs. 17,41,319;Diesel;SUV;5;7;Manual
Mahindra;Xuv500;W11 (O) At;Rs. 18,62,586;Diesel;SUV;5;7;Automatic
Mahindra;Xuv500;G At;Rs. 16,10,180;Petrol;SUV;5;7;Automatic
Mahindra;Xuv500;W7;Rs. 14,18,313;Diesel;SUV;5;7;Manual
Mahindra;Xuv500;W7 At;Rs. 15,39,488;Diesel;SUV;5;7;Automatic
Mahindra;Xuv500;W9;Rs. 15,88,943;Diesel;SUV;5;7;Manual
Mahindra;Xuv500;W9 At;Rs. 17,10,118;Diesel;SUV;5;7;Automatic
Mahindra;Xuv500;W11;Rs. 17,16,319;Diesel;SUV;5;7;Manual
Mahindra;Xuv500;W11 At;Rs. 18,37,586;Diesel;SUV;5;7;Automatic
Mahindra;Xuv500;W11 (O);Rs. 17,41,319;Diesel;SUV;5;7;Manual
Mahindra;Xuv500;W11 (O) At;Rs. 18,62,586;Diesel;SUV;5;7;Automatic
Mahindra;Xuv500;W11 (O) Awd;Rs. 18,52,488;Diesel;SUV;5;7;Manual
Mahindra;Xuv500;W11 (O) Awd At;Rs. 19,73,664;Diesel;SUV;5;7;Automatic
Mahindra;Xuv500;W3;Rs. 12,30,924;Diesel;SUV;5;7;Manual
Mahindra;E Verito;D4;Rs. 12,93,214;Electric;Sedan;4;5;Automatic
Mahindra;E Verito;D2;Rs. 12,67,208;Electric;Sedan;4;5;Automatic
Mahindra;E Verito;D6;Rs. 13,03,241;Electric;Sedan;4;5;Automatic
Tata;Hexa;Xm Plus 4X2;Rs. 16,39,374;Diesel;SUV;5;7;Manual
Tata;Hexa;Xt 4X4;Rs. 19,29,417;Diesel;SUV;5;6;Manual
Tata;Hexa;Xta 4X2;Rs. 19,12,593;Diesel;SUV;5;6;Automatic
Tata;Hexa;Xt 4X2;Rs. 17,96,458;Diesel;SUV;5;6;Manual
Tata;Hexa;Xe 4X2;Rs. 13,71,864;Diesel;SUV;5;7;Manual
Tata;Hexa;Xm 4X2;Rs. 15,31,377;Diesel;SUV;5;7;Manual
Tata;Hexa;Xma 4X2;Rs. 16,55,587;Diesel;SUV;5;7;Automatic
Toyota;Innova Crysta;2.4 Gx 7 Str;Rs. 16,05,000;Diesel;MUV;5;7;Manual
Toyota;Innova Crysta;2.4 Vx 7 Str;Rs. 19,27,000;Diesel;MUV;5;7;Manual
Toyota;Innova Crysta;2.4 Gx 8 Str;Rs. 16,10,000;Diesel;MUV;5;8;Manual
Toyota;Innova Crysta;2.4 Vx 8 Str;Rs. 19,32,000;Diesel;MUV;5;8;Manual
Toyota;Innova Crysta;2.4 Zx 7 Str;Rs. 21,13,000;Diesel;MUV;5;7;Manual
Toyota;Innova Crysta;2.7 Gx At 8 Str;Rs. 16,20,000;Petrol;MUV;5;8;Automatic
Toyota;Innova Crysta;2.7 Gx At 7 Str;Rs. 16,15,000;Petrol;MUV;5;7;Automatic
Toyota;Innova Crysta;2.7 Zx At 7 Str;Rs. 21,03,000;Petrol;MUV;5;7;Automatic
Toyota;Innova Crysta;2.7 Vx 7 Str;Rs. 18,07,000;Petrol;MUV;5;7;Manual
Toyota;Innova Crysta;2.7 Gx Mt 7 Str;Rs. 14,93,000;Petrol;MUV;5;7;Manual
Toyota;Innova Crysta;2.7 Gx Mt 8 Str;Rs. 14,98,000;Petrol;MUV;5;8;Manual
Toyota;Innova Crysta;Touring Sport 2.4 Vx 7 Str;Rs. 20,97,000;Diesel;MUV;5;7;Manual
Toyota;Innova Crysta;Touring Sport 2.7 Vx 7 Str;Rs. 18,92,000;Petrol;MUV;5;7;Manual
Toyota;Innova Crysta;Touring Sport 2.7 Zx At 7 Str;Rs. 21,71,000;Petrol;MUV;5;7;Automatic
Toyota;Innova Crysta;2.4 G Plus 7 Str;Rs. 15,92,000;Diesel;MUV;5;7;Manual
Toyota;Innova Crysta;2.4 G Plus 8 Str;Rs. 15,87,000;Diesel;MUV;5;8;Manual
Jeep;Compass;1.4 Limited At;Rs. 19,96,000;Petrol;SUV;5;5;Automatic
Jeep;Compass;1.4 Sport;Rs. 15,60,000;Petrol;SUV;5;5;Manual
Jeep;Compass;1.4 Limited (O) At;Rs. 20,55,000;Petrol;SUV;5;5;Automatic
Jeep;Compass;2.0 Sport;Rs. 16,61,000;Diesel;SUV;5;5;Manual
Jeep;Compass;2.0 Longitude;Rs. 18,03,000;Diesel;SUV;5;5;Manual
Jeep;Compass;2.0 Longitude (O);Rs. 18,88,000;Diesel;SUV;5;5;Manual
Jeep;Compass;2.0 Limited;Rs. 19,73,000;Diesel;SUV;5;5;Manual
Jeep;Compass;2.0 Limited (O);Rs. 20,22,000;Diesel;SUV;5;5;Manual
Jeep;Compass;2.0 Limited 4X4;Rs. 21,51,000;Diesel;SUV;5;5;Manual
Jeep;Compass;2.0 Limited (O) 4X4;Rs. 21,99,000;Diesel;SUV;5;5;Manual
Jeep;Compass;1.4 Limited Plus At Petrol;Rs. 21,67,000;Petrol;SUV;5;5;Automatic
Jeep;Compass;2.0 Limited Plus 4X2 Diesel;Rs. 21,33,000;Diesel;SUV;5;5;Manual
Jeep;Compass;2.0 Limited Plus 4X4 Diesel;Rs. 23,11,000;Diesel;SUV;5;5;Manual
Jeep;Compass;2.0 Sport Plus;Rs. 16,99,000;Diesel;SUV;5;5;Manual
Jeep;Compass;1.4 Sport Plus;Rs. 15,99,000;Petrol;SUV;5;5;Manual
Jeep;Compass;1.4 Longitude (O) At;Rs. 19,00,000;Petrol;SUV;5;5;Automatic
Jeep;Compass;1.4 Limited (O) At Petrol Black Pack;Rs. 20,70,000;Petrol;SUV;5;5;Automatic
Jeep;Compass;2.0 Limited (O) Black Pack;Rs. 20,36,300;Diesel;SUV;5;5;Manual
Jeep;Compass;2.0 Limited (O) 4X4 Black Pack;Rs. 22,14,000;Diesel;SUV;5;5;Manual
Jeep;Compass;2.0 Limited Plus 4X4 At;Rs. 24,99,000;Diesel;SUV;5;5;Automatic
Jeep;Compass;2.0 Longitude 4X4 At;Rs. 21,96,000;Diesel;SUV;5;5;Automatic
Toyota;Corolla Altis;G Petrol;Rs. 16,45,000;Petrol;Sedan;4;5;Manual
Toyota;Corolla Altis;G At Petrol;Rs. 18,06,000;Petrol;Sedan;4;5;Automatic
Toyota;Corolla Altis;Gl Petrol;Rs. 18,82,000;Petrol;Sedan;4;5;Manual
Toyota;Corolla Altis;Gl Diesel;Rs. 19,36,000;Diesel;Sedan;4;5;Manual
Toyota;Corolla Altis;G Diesel;Rs. 17,71,000;Diesel;Sedan;4;5;Manual
Toyota;Corolla Altis;Vl At Petrol;Rs. 20,19,000;Petrol;Sedan;4;5;Automatic
Honda;Civic;1.8 V Cvt;Rs. 17,93,900;Petrol;Sedan;4;5;Automatic
Honda;Civic;1.8 Vx Cvt;Rs. 19,44,900;Petrol;Sedan;4;5;Automatic
Honda;Civic;1.8 Zx Cvt;Rs. 21,24,900;Petrol;Sedan;4;5;Automatic
Honda;Civic;1.6 Vx Mt;Rs. 20,54,900;Diesel;Sedan;4;5;Manual
Honda;Civic;1.6 Zx Mt;Rs. 22,34,900;Diesel;Sedan;4;5;Manual
Mg;Zs Ev;Excite;Rs. 20,88,000;Electric;SUV;5;5;Automatic
Mg;Zs Ev;Exclusive;Rs. 23,58,000;Electric;SUV;5;5;Automatic
Kia;Carnival;Premium 7 Str;Rs. 24,95,000;Diesel;MUV;5;7;Automatic
Kia;Carnival;Premium 8 Str;Rs. 25,15,000;Diesel;MUV;5;7;Automatic
Kia;Carnival;Prestige 7 Str;Rs. 28,95,000;Diesel;MUV;5;7;Automatic
Kia;Carnival;Prestige 9 (6+3) Str;Rs. 29,95,000;Diesel;MUV;5;7;Automatic
Kia;Carnival;Limousine 7 Str;Rs. 33,95,000;Diesel;MUV;5;7;Automatic
Skoda;Superb;Style 1.8 Tsi Mt;Rs. 25,99,599;Petrol;Sedan;4;5;Manual
Skoda;Superb;Style 1.8 Tsi At;Rs. 27,79,599;Petrol;Sedan;4;5;Automatic
Skoda;Superb;L & K 1.8 Tsi At;Rs. 30,99,599;Petrol;Sedan;4;5;Automatic
Skoda;Superb;L & K 2.0 Tdi At;Rs. 33,49,599;Diesel;Sedan;4;5;Automatic
Skoda;Superb;Style 2.0 Tdi At;Rs. 30,29,599;Diesel;Sedan;4;5;Automatic
Skoda;Superb;Corporate Edition 1.8 Tsi At;Rs. 25,99,599;Petrol;Sedan;4;5;Automatic
Skoda;Superb;Corporate Edition 2.0 Tdi At;Rs. 28,49,599;Diesel;Sedan;4;5;Automatic
Volvo;V40;Kinetic;Rs. 27,69,000;Diesel;Hatchback;5;5;Automatic
Volvo;V40;R Design;Rs. 31,91,000;Diesel;Hatchback;5;5;Automatic
Toyota;Fortuner;2.8 4X2 At;Rs. 32,05,000;Diesel;SUV;5;7;Automatic
Toyota;Fortuner;2.8 4X2 Mt;Rs. 30,19,000;Diesel;SUV;5;7;Manual
Toyota;Fortuner;2.8 4X4 Mt;Rs. 32,16,000;Diesel;SUV;5;7;Manual
Toyota;Fortuner;2.8 4X4 At;Rs. 33,95,000;Diesel;SUV;5;7;Automatic
Toyota;Fortuner;2.7 4X2 At;Rs. 29,77,000;Petrol;SUV;5;7;Automatic
Toyota;Fortuner;2.7 4X2 Mt;Rs. 28,18,000;Petrol;SUV;5;7;Manual
Toyota;Fortuner;Trd Celebratory Edition;Rs. 34,20,000;Diesel;SUV;5;7;Automatic
Ford;Endeavour;3.2L 4X4 At Titanium Plus;Rs. 34,70,000;Diesel;SUV;5;7;Automatic
Ford;Endeavour;2.2L 4X2 At Titanium Plus;Rs. 32,33,000;Diesel;SUV;5;7;Automatic
Ford;Endeavour;2.2L 4X2 Mt Titanium;Rs. 29,20,000;Diesel;SUV;5;7;Manual
Mini;Cooper 3 Door;Cooper D;Rs. 29,90,000;Diesel;Hatchback;3;4;Automatic
Mini;Cooper 3 Door;Cooper S;Rs. 34,20,000;Petrol;Hatchback;3;5;Automatic
Skoda;Kodiaq Scout;2.0 Tdi At;Rs. 33,99,000;Diesel;SUV;5;7;Automatic
Bmw;X1;Sdrive20D Expedition;Rs. 35,20,000;Diesel;Crossover, SUV;5;5;Automatic
Bmw;X1;Sdrive20D Xline;Rs. 39,30,000;Diesel;SUV, Crossover;5;5;Automatic
Bmw;X1;Xdrive20D M Sport;Rs. 45,70,000;Diesel;SUV, Crossover;5;5;Automatic
Bmw;X1;Sdrive20D M Sport;Rs. 42,40,000;Diesel;SUV;5;5;Automatic
Bmw;X1;Sdrive20I Xline;Rs. 38,30,000;Petrol;Crossover, SUV;5;5;Automatic
Volvo;S60;Polestar;Rs. 56,02,000;Petrol;Sedan;4;5;Automatic
Volvo;S60;Momentum;Rs. 38,50,500;Diesel;Sedan;4;5;Automatic
Bmw;3-Series;320D Sport;Rs. 41,40,000;Diesel;Sedan;5;5;Automatic
Bmw;3-Series;320D Luxury Line;Rs. 46,90,000;Diesel;Sedan;5;5;Automatic
Bmw;3-Series;330I M Sport;Rs. 47,90,000;Petrol;Sedan;5;5;Automatic
Volvo;S60 Cross Country;D4;Rs. 44,26,500;Diesel;Sedan, Crossover;4;4;Automatic
Audi;Q5;35 Tdi Premium Plus;Rs. 50,21,200;Diesel;SUV;5;5;Automatic
Audi;Q5;35 Tdi Technology;Rs. 56,21,200;Diesel;SUV;5;5;Automatic
Audi;Q5;45 Tfsi Premium Plus;Rs. 50,21,200;Petrol;SUV;5;5;Automatic
Audi;Q5;45 Tfsi Technology;Rs. 56,21,200;Petrol;SUV;5;5;Automatic
Land Rover Rover;Range Evoque;S;Rs. 54,94,000;Diesel;SUV;5;5;Automatic
Land Rover Rover;Range Evoque;Se R-Dynamic;Rs. 59,85,000;Diesel;SUV;5;5;Automatic
Land Rover Rover;Range Evoque;S Petrol;Rs. 54,94,000;Petrol;SUV;5;5;Automatic
Land Rover Rover;Range Evoque;Se R-Dynamic Petrol;Rs. 59,85,000;Petrol;SUV;5;5;Automatic
;Mercedes-Benz E-Class;E200;Rs. 58,61,062;Petrol;Sedan;4;5;Automatic
;Mercedes-Benz E-Class;E350 D;Rs. 72,85,332;Diesel;Sedan;4;5;Automatic
;Mercedes-Benz E-Class;E220D;Rs. 59,64,321;Diesel;Sedan;4;5;Automatic
;Mercedes-Benz E-Class;E 63 S Amg;Rs. 1,50,00,000;Petrol;Sedan;4;4;Automatic
;Mercedes-Benz E-Class;E200 Expression;Rs. 57,50,000;Petrol;Sedan;4;5;Automatic
;Mercedes-Benz E-Class;E200 Exclusive;Rs. 61,50,000;Petrol;Sedan;4;5;Automatic
;Mercedes-Benz E-Class;E220D Expression;Rs. 58,50,000;Diesel;Sedan;4;5;Automatic
;Mercedes-Benz E-Class;E220D Exclusive;Rs. 62,50,000;Diesel;Sedan;4;5;Automatic
Volvo;Xc60;Inscription D5;Rs. 59,90,000;Diesel;SUV;5;5;Automatic
Bmw;X4;Xdrive20D M Sport X;Rs. 60,60,000;Diesel;SUV;5;5;Automatic
Bmw;X4;Xdrive30D M Sport X;Rs. 65,90,000;Diesel;SUV;5;5;Automatic
Bmw;X4;Xdrive30I M Sport X;Rs. 63,50,000;Petrol;SUV;5;5;Automatic
Jeep;Wrangler;Unlimited;Rs. 63,94,000;Petrol;SUV;5;5;Automatic
;Mercedes-Benz C-Class Cabriolet;C300;Rs. 64,26,497;Petrol;Convertible;2;4;Automatic
Bmw;Z4 Roadster;Sdrive 20I;Rs. 64,90,000;Petrol;Sports, Convertible;2;2;Automatic
Bmw;Z4 Roadster;M 40I;Rs. 78,90,000;Petrol;Sports, Convertible;2;2;Automatic
;Mercedes-Benz V-Class;Expression Elwb;Rs. 68,40,000;Diesel;MUV;5;7;Automatic
;Mercedes-Benz V-Class;Exclusive Lwb;Rs. 81,90,000;Diesel;MUV;5;6;Automatic
;Mercedes-Benz V-Class;Elite;Rs. 1,10,00,000;Diesel;MPV;5;6;Automatic
Audi;Q7;45 Tdi Premium Plus;Rs. 72,21,500;Diesel;SUV;5;7;Automatic
Audi;Q7;45 Tdi Technology Pack;Rs. 80,21,500;Diesel;SUV;5;7;Automatic
Audi;Q7;40 Tfsi Quattro Premium Plus;Rs. 69,21,500;Petrol;SUV;5;7;Automatic
Audi;Q7;40 Tfsi Quattro Technology Pack;Rs. 76,21,500;Petrol;SUV;5;7;Automatic
Audi;Q7;45 Tdi Black Styling;Rs. 81,11,500;Diesel;SUV;5;7;Automatic
Audi;Q7;40 Tfsi Quattro Black Styling;Rs. 77,11,500;Petrol;SUV;5;7;Automatic
Land Rover Rover;Range Evoque Convertible;2.0 Hse Dynamic;Rs. 69,52,964;Petrol;Convertible;5;4;Automatic
Land Rover Rover;Range Velar;2.0 Diesel R-Dynamic S;Rs. 72,46,802;Diesel;SUV;5;5;Automatic
Land Rover Rover;Range Velar;2.0 Petrol R-Dynamic S;Rs. 72,46,802;Petrol;SUV;5;5;Automatic
;Mercedes-Benz E-Class All Terrain;E 220D;Rs. 75,00,000;Diesel;SUV;4;5;Automatic
Volvo;Xc90;D5 Inscription;Rs. 87,90,000;Diesel;SUV;5;7;Automatic
Volvo;Xc90;D5 Momentum;Rs. 80,90,000;Diesel;SUV;5;7;Automatic
Volvo;Xc90;T8 Excellence;Rs. 1,31,24,000;Hybrid;SUV;5;4;Automatic
Volvo;Xc90;T8 Inscription;Rs. 96,65,000;Hybrid;SUV;5;7;Automatic
Volvo;Xc90;D5 R-Design;Rs. 84,91,500;Diesel;SUV;5;7;Automatic
Land Rover Rover;Range Sport;5.0L V8 Svr Petrol;Rs. 2,05,17,853;Petrol;SUV;5;5;Automatic
Land Rover Rover;Range Sport;2.0L S Petrol;Rs. 86,70,586;Petrol;SUV;5;7;Automatic
Land Rover Rover;Range Sport;2.0L Se Petrol;Rs. 94,48,181;Petrol;SUV;5;7;Automatic
Land Rover Rover;Range Sport;3.0L V6 Se Petrol;Rs. 1,14,76,911;Petrol;SUV;5;7;Automatic
Land Rover Rover;Range Sport;2.0L Hse Petrol;Rs. 1,56,00,000;Petrol;SUV;5;7;Automatic
Land Rover Rover;Range Sport;3.0L V6 Hse Petrol;Rs. 1,32,28,725;Petrol;SUV;5;7;Automatic
Land Rover Rover;Range Sport;5.0L V8 Autobiography Dynamic Petrol;Rs. 1,79,40,227;Petrol;SUV;5;5;Automatic
Land Rover Rover;Range Sport;3.0L Tdv6 S Diesel;Rs. 1,03,73,732;Diesel;SUV;5;5;Automatic
Land Rover Rover;Range Sport;3.0L Tdv6 Se Diesel;Rs. 1,19,13,021;Diesel;SUV;5;5;Automatic
Land Rover Rover;Range Sport;4.4L Sdv8 Hse Diesel;Rs. 1,49,08,985;Diesel;SUV;5;7;Automatic
Jaguar;Xj;3.0L;Rs. 97,38,609;Diesel;Sedan;4;5;Automatic
Jaguar;Xj;3.0L Portfolio;Rs. 1,07,25,145;Diesel;Sedan;4;5;Automatic
Jaguar;Xj;50;Rs. 1,11,29,599;Diesel;Sedan;4;5;Automatic
Porsche;Cayenne;E-Hybrid;Rs. 1,58,06,000;Hybrid;SUV;5;5;Automatic
Porsche;Cayenne;Turbo;Rs. 1,92,10,000;Petrol;SUV;5;5;Automatic
Porsche;Cayenne;Base;Rs. 1,19,36,000;Petrol;SUV;5;5;Automatic
Maserati;Ghibli;Diesel;Rs. 1,33,87,856;Diesel;;4;5;Automatic
Maserati;Ghibli;Gransport;Rs. 1,38,81,858;Diesel;;4;5;Automatic
Maserati;Ghibli;Granlusso;Rs. 1,42,47,814;Diesel;;4;5;Automatic
Toyota;Land Cruiser;Vx;Rs. 1,46,99,000;Diesel;SUV;5;7;Automatic
Audi;Rs7;Sportback;Rs. 1,70,72,000;Petrol;Sedan, Coupe;4;4;Automatic
Land Rover Rover;Range;5.0L V8 Autobiography Petrol;Rs. 2,60,37,526;Petrol;SUV;5;7;Automatic
Land Rover Rover;Range;5.0L V8 Svautobiography Dynamic Petrol;Rs. 3,25,22,000;Petrol;SUV;5;5;Automatic
Land Rover Rover;Range;3.0L V6 Vogue Lwb Petrol;Rs. 1,95,27,130;Petrol;SUV;5;7;Automatic
Land Rover Rover;Range;5.0L V8 Svautobiography Lwb Petrol;Rs. 4,04,99,548;Petrol;SUV;4;5;Automatic
Land Rover Rover;Range;3.0L Tdv6 Vogue Diesel;Rs. 1,81,85,267;Diesel;SUV;5;5;Automatic
Land Rover Rover;Range;3.0L Tdv6 Vogue Lwb Diesel;Rs. 1,95,27,130;Diesel;SUV;5;7;Automatic
Land Rover Rover;Range;4.4L Sdv8 Autobiography Lwb Diesel;Rs. 2,51,74,051;Diesel;SUV;5;7;Automatic
Land Rover Rover;Range;4.4L Sdv8 Svautobiography Lwb Diesel;Rs. 3,92,94,685;Diesel;SUV;5;4;Automatic
Land Rover Rover;Range;4.4L Sdv8 Vogue Se Lwb Diesel;Rs. 2,36,75,691;Diesel;SUV;5;7;Automatic
Land Rover Rover;Range;3.0L V6 Vogue Se Lwb Petrol;Rs. 2,13,98,758;Petrol;SUV;5;7;Automatic
Maserati;Grancabrio;Standard;Rs. 1,98,65,675;Petrol;Convertible;2;4;Automatic
;Mercedes-Benz Amg-Gt;S;Rs. 2,15,83,466;Petrol;Coupe;2;2;Automatic
;Mercedes-Benz Amg-Gt;R;Rs. 2,32,64,134;Petrol;Coupe;2;2;Automatic
;Mercedes-Benz Amg-Gt;Roadster;Rs. 2,27,33,626;Petrol;Coupe;2;2;Automatic
;Mercedes-Benz Amg Gt 4-Door Coupe;63 S 4Matic+;Rs. 2,42,00,000;Petrol;Coupe;4;4;Automatic
Lamborghini;Huracan;Lp 610-4;Rs. 3,71,33,704;Petrol;Coupe;2;2;Automatic
Lamborghini;Huracan;Lp 580-2;Rs. 3,24,52,486;Petrol;Coupe;2;2;Automatic
Lamborghini;Huracan;Avio;Rs. 3,51,50,732;Petrol;Coupe;2;2;Automatic
Lamborghini;Huracan;Performante;Rs. 3,76,14,126;Petrol;Coupe;2;2;Automatic
Lamborghini;Huracan;Lp 580-2 Spyder;Rs. 3,55,35,000;Petrol;Coupe;2;2;Automatic
Lamborghini;Huracan;Lp 610-4 Spyder;Rs. 4,07,42,932;Petrol;Coupe;2;2;Automatic
Lamborghini;Huracan;Evo;Rs. 3,73,00,000;Petrol;Coupe;2;2;Automatic
Lamborghini;Huracan;Evo Spyder;Rs. 4,10,00,000;Petrol;Convertible;2;2;Automatic
Lamborghini;Huracan;Evo Rwd;Rs. 3,22,00,000;Petrol;Coupe;2;2;Automatic
Ferrari;488 Gtb;Std;Rs. 3,67,61,413;Petrol;Coupe;2;2;Automatic
Ferrari;488 Gtb;Spider;Rs. 3,93,19,552;Petrol;Coupe;2;2;Automatic
Ferrari;Gtc4 Lusso;V8 T;Rs. 4,20,00,000;Petrol;Coupe;2;4;Automatic
Ferrari;Gtc4 Lusso;V12;Rs. 5,20,00,000;Petrol;Coupe;2;4;Automatic
Lamborghini;Aventador;Lp 700-4;Rs. 4,78,93,943;Petrol;Convertible;2;2;Automatic
Lamborghini;Aventador;Lp700-4 Roadster;Rs. 5,32,10,327;Petrol;Convertible;2;2;Automatic
Lamborghini;Aventador;S;Rs. 4,74,67,700;Petrol;Coupe;2;2;Automatic
;Rolls-Royce Dawn;Convertible;Rs. 5,92,16,193;Petrol;Convertible;2;4;Automatic
;Rolls-Royce Drophead Coupe;Phantom;Rs. 8,37,55,383;Petrol;Convertible;2;4;Automatic
Maruti Suzuki;Omni;5 Str Bs-Iv;Rs. 2,82,778;Petrol;MPV;5;5;Manual
Maruti Suzuki;Omni;E 8 Str Bs-Iv;Rs. 2,84,485;Petrol;MPV;5;8;Manual
;Go+;Datsun D;Rs. 4,12,292;Petrol;MPV;5;7;Manual
;Go+;Datsun T;Rs. 5,52,656;Petrol;MPV;5;7;Manual
;Go+;Datsun T (O);Rs. 5,74,448;Petrol;MPV;5;7;Manual
;Go+;Datsun A (O);Rs. 5,55,196;Petrol;MPV;5;7;Manual
;Go+;Datsun A;Rs. 5,00,575;Petrol;MPV;5;7;Manual
;Go+;Datsun T Vdc;Rs. 5,93,361;Petrol;MPV;5;7;Manual
;Go+;Datsun T (O) Vdc;Rs. 6,15,153;Petrol;MPV;5;7;Manual
;Go+;Datsun T Cvt;Rs. 6,58,361;Petrol;MPV;5;7;Manual
;Go+;Datsun T (O) Cvt;Rs. 6,80,153;Petrol;MPV;5;7;Manual
Fiat;Punto Evo Pure;1.2L Fire Dynamic;Rs. 4,82,330;Petrol;Hatchback;5;5;Manual
Fiat;Punto Evo Pure;1,3;Rs. 5,75,947;Diesel;Hatchback;5;5;Manual
Ford;Figo;Ambiente 1.2 Ti-Vct;Rs. 5,23,000;Petrol;Hatchback;5;5;Manual
Ford;Figo;Ambiente 1.5 Tdci;Rs. 6,23,000;Diesel;Hatchback;5;5;Manual
Ford;Figo;Titanium 1.2 Ti-Vct;Rs. 5,99,900;Petrol;Hatchback;5;5;Manual
Ford;Figo;Titanium1.5 Tdci;Rs. 6,99,900;Diesel;Hatchback;5;5;Manual
Ford;Figo;Titanium Blu 1.2 Ti-Vct;Rs. 6,64,900;Petrol;Hatchback;5;5;Manual
Ford;Figo;Titanium Blu 1.5 Tdci;Rs. 7,64,900;Diesel;Hatchback;5;5;Manual
Maruti Suzuki;Baleno;1.3 Delta;Rs. 7,46,621;Diesel;Hatchback;5;5;Manual
Maruti Suzuki;Baleno;1.3 Alpha;Rs. 8,68,221;Diesel;Hatchback;5;5;Manual
Maruti Suzuki;Baleno;1.3 Sigma;Rs. 6,68,611;Diesel;Hatchback;5;5;Manual
Maruti Suzuki;Baleno;1.3 Zeta;Rs. 8,07,921;Diesel;Hatchback;5;5;Manual
Maruti Suzuki;Baleno;1.2 Alpha;Rs. 7,58,212;Petrol;Hatchback;5;5;Manual
Maruti Suzuki;Baleno;1.2 Alpha Cvt;Rs. 8,90,212;Petrol;Hatchback;5;5;Automatic
Maruti Suzuki;Baleno;1.2 Delta;Rs. 6,36,612;Petrol;Hatchback;5;5;Manual
Maruti Suzuki;Baleno;1.2 Delta Cvt;Rs. 7,68,612;Petrol;Hatchback;5;5;Automatic
Maruti Suzuki;Baleno;1.2 Sigma;Rs. 5,58,602;Petrol;Hatchback;5;5;Manual
Maruti Suzuki;Baleno;1.2 Zeta;Rs. 6,97,912;Petrol;Hatchback;5;5;Manual
Maruti Suzuki;Baleno;1.2 Delta Dualjet;Rs. 7,33,412;Petrol;Hatchback;5;5;Manual
Maruti Suzuki;Baleno;1.2 Zeta Dualjet;Rs. 7,89,912;Petrol;Hatchback;5;5;Manual
Maruti Suzuki;Baleno;1.2 Zeta Cvt;Rs. 8,29,912;Petrol;Hatchback;5;5;Automatic
Hyundai;Grand I10;1.2 Kappa Vtvt Magna;Rs. 5,86,428;Petrol;Hatchback;5;5;Manual
Hyundai;Grand I10;1.2 Kappa Vtvt Sportz;Rs. 6,20,637;Petrol;Hatchback;5;5;Manual
Hyundai;Grand I10;1.2 Kappa Vtvt Magna At;Rs. 6,52,328;Petrol;Hatchback;5;5;Automatic
Hyundai;Grand I10;1.2 Kappa Vtvt Sportz At;Rs. 7,05,538;Petrol;Hatchback;5;5;Automatic
Hyundai;Grand I10;1.2 Kappa Vtvt Sportz Dual Tone;Rs. 6,40,537;Petrol;Hatchback;5;5;Manual
Hyundai;Grand I10;1.2 Kappa Vtvt Magna Cng;Rs. 6,53,452;CNG;Hatchback;5;5;Manual
Fiat;Linea Classic;1.3 Multijet;Rs. 7,51,203;Diesel;Sedan;4;5;Manual
Fiat;Linea Classic;1,4;Rs. 6,46,336;Petrol;Sedan;4;5;Manual
Fiat;Linea Classic;Plus 1.3 Multijet;Rs. 8,08,558;Diesel;Sedan;4;5;Manual
Nissan;Sunny;Xe Petrol;Rs. 7,07,025;Petrol;Sedan;4;5;Manual
Nissan;Sunny;Xl Petrol;Rs. 8,36,461;Petrol;Sedan;4;5;Manual
Nissan;Sunny;Xl Diesel;Rs. 9,12,534;Diesel;Sedan;4;5;Manual
Nissan;Sunny;Xv Diesel;Rs. 9,93,997;Diesel;Sedan;4;5;Manual
Nissan;Sunny;Xe Diesel;Rs. 8,60,997;Diesel;Sedan;4;5;Manual
Nissan;Sunny;Xv Cvt;Rs. 9,93,997;Petrol;Sedan;4;5;Automatic
Nissan;Sunny;Special Edition Diesel;Rs. 8,77,285;Diesel;Sedan;4;5;Manual
Maruti Suzuki;Ertiga;Lxi;Rs. 7,59,000;Petrol;MPV;5;7;Manual
Maruti Suzuki;Ertiga;Zxi;Rs. 9,17,000;Petrol;MPV;5;7;Manual
Maruti Suzuki;Ertiga;Vxi At;Rs. 9,36,000;Petrol;MUV;5;7;Automatic
Maruti Suzuki;Ertiga;Zxi Plus;Rs. 9,71,000;Petrol;MUV;5;7;Manual
Maruti Suzuki;Ertiga;Vxi;Rs. 8,34,000;Petrol;MUV;5;7;Manual
Maruti Suzuki;Ertiga;Zxi At;Rs. 10,13,000;Petrol;MPV;5;7;Automatic
Maruti Suzuki;Ertiga;1.5L Vdi;Rs. 9,86,689;Diesel;MPV;5;7;Manual
Maruti Suzuki;Ertiga;1.5L Zdi;Rs. 10,69,689;Diesel;MPV;5;7;Manual
Maruti Suzuki;Ertiga;1.5L Zdi Plus;Rs. 11,20,689;Diesel;MPV;5;7;Manual
Maruti Suzuki;Ertiga;Vxi Cng (Cng +;Rs. 8,87,689;CNG + Petrol;MUV;5;7;Manual
Maruti Suzuki;Baleno Rs;Rs 1.0;Rs. 7,88,913;Petrol;Hatchback;5;5;Manual
Honda;Wr-V;Vx Diesel;Rs. 10,35,000;Diesel;SUV;5;5;Manual
Honda;Wr-V;Vx Petrol;Rs. 9,25,000;Petrol;SUV;5;5;Manual
Honda;Wr-V;S Diesel;Rs. 9,25,000;Diesel;SUV;5;5;Manual
Honda;Wr-V;S Petrol;Rs. 8,15,000;Petrol;SUV;5;5;Manual
Honda;Wr-V;Edge Plus Edition Diesel;Rs. 9,16,050;Diesel;SUV;5;5;Manual
Honda;Wr-V;Edge Plus Edition Petrol;Rs. 8,08,050;Petrol;SUV;5;5;Manual
Honda;Wr-V;Exclusive Edition Diesel;Rs. 10,48,050;Diesel;SUV;5;5;Manual
Honda;Wr-V;Exclusive Edition Petrol;Rs. 9,35,050;Petrol;SUV;5;5;Manual
Honda;Wr-V;V Diesel;Rs. 9,95,000;Diesel;SUV;5;5;Manual
Mahindra;Tuv300;T4 Plus;Rs. 8,54,328;Diesel;SUV;5;7;Manual
Mahindra;Tuv300;T6 Plus;Rs. 9,14,328;Diesel;SUV;5;7;Manual
Mahindra;Tuv300;T8;Rs. 9,76,592;Diesel;SUV;5;7;Manual
Mahindra;Tuv300;T10;Rs. 9,99,614;Diesel;SUV;5;7;Manual
Mahindra;Tuv300;T10 (O);Rs. 10,31,943;Diesel;SUV;5;7;Manual
Mahindra;Tuv300;T10 Dual Tone;Rs. 10,22,930;Diesel;SUV;5;7;Manual
Mahindra;Tuv300;T10 (O) Dual Tone;Rs. 10,55,259;Diesel;SUV;5;7;Manual
Maruti Suzuki;S-Cross;1.3L Sigma;Rs. 8,80,689;Diesel;Crossover;5;5;Manual
Maruti Suzuki;S-Cross;1.3L Delta;Rs. 9,92,689;Diesel;Crossover;5;5;Manual
Maruti Suzuki;S-Cross;1.3L Zeta;Rs. 10,43,689;Diesel;Crossover;5;5;Manual
Maruti Suzuki;S-Cross;1.3L Alpha;Rs. 11,43,689;Diesel;Crossover;5;5;Manual
Renault;Captur;Rxe Petrol;Rs. 9,49,999;Petrol;SUV;5;5;Manual
Renault;Captur;Rxe Diesel;Rs. 10,49,999;Diesel;SUV;5;5;Manual
Renault;Captur;Platine Diesel Dual Tone;Rs. 12,99,999;Diesel;SUV;5;5;Manual
Renault;Captur;Platine Petrol Dual Tone;Rs. 11,99,999;Petrol;SUV;5;5;Manual
Mahindra;Xylo;D2 Bs-Iv;Rs. 9,63,037;Diesel;SUV;5;7;Manual
Mahindra;Xylo;D4 Bs-Iv;Rs. 10,04,487;Diesel;SUV;5;7;Manual
Mahindra;Xylo;H4 Bs-Iv;Rs. 10,31,951;Diesel;SUV;5;7;Manual
Mahindra;Xylo;H4 Abs Bs-Iv;Rs. 10,66,139;Diesel;SUV;5;7;Manual
Mahindra;Xylo;H8 Abs Airbags Bs-Iv;Rs. 12,28,335;Diesel;SUV;5;8;Manual
Kia;Seltos;Hte 1.5;Rs. 9,89,000;Petrol;SUV;5;5;Manual
Kia;Seltos;Htk 1.5;Rs. 10,29,000;Petrol;SUV;5;5;Manual
Kia;Seltos;Htk Plus 1.5;Rs. 11,49,000;Petrol;SUV;5;5;Manual
Kia;Seltos;Htx 1.5;Rs. 13,09,000;Petrol;SUV;5;5;Manual
Kia;Seltos;Htx Cvt 1.5;Rs. 14,09,000;Petrol;SUV;5;5;Automatic
Kia;Seltos;Hte 1.5 Diesel;Rs. 10,34,000;Diesel;SUV;5;5;Manual
Kia;Seltos;Htk 1.5 Diesel;Rs. 11,54,000;Diesel;SUV;5;5;Manual
Kia;Seltos;Htk Plus 1.5 Diesel;Rs. 12,54,000;Diesel;SUV;5;5;Manual
Kia;Seltos;Htk Plus At 1.5 Diesel;Rs. 13,54,000;Diesel;SUV;5;5;Automatic
Kia;Seltos;Htx Plus 1.5 Diesel;Rs. 15,34,000;Diesel;SUV;5;5;Manual
Kia;Seltos;Htx Plus At 1.5 Diesel;Rs. 16,34,000;Diesel;SUV;5;5;Automatic
Kia;Seltos;Gtk 1.4;Rs. 13,79,000;Petrol;SUV;5;5;Manual
Kia;Seltos;Gtx 1.4;Rs. 15,29,000;Petrol;SUV;5;5;Manual
Kia;Seltos;Gtx At 1.4;Rs. 16,29,000;Petrol;SUV;5;5;DCT
Kia;Seltos;Gtx Plus 1.4;Rs. 16,29,000;Petrol;SUV;5;5;Manual
Kia;Seltos;Htx 1.5 Diesel;Rs. 14,14,000;Diesel;SUV;5;5;Manual
Nissan;Terrano;Xe D 85Ps;Rs. 9,99,900;Diesel;SUV;5;5;Manual
Nissan;Terrano;Xv D Premium 110 Ps Amt;Rs. 14,64,900;Diesel;SUV;5;5;Automatic
Nissan;Terrano;Xl (P);Rs. 9,99,900;Petrol;SUV;5;5;Manual
Nissan;Terrano;Xl D(O);Rs. 12,35,700;Diesel;SUV;5;5;Manual
Nissan;Terrano;Xv D Premium 110 Ps;Rs. 14,19,900;Diesel;SUV;5;5;Manual
Nissan;Terrano;Sport Edition;Rs. 12,35,700;Diesel;SUV;5;5;Manual
Tata;Safari Storme;2.2 Lx 4X2;Rs. 11,09,005;Diesel;SUV;5;7;Manual
Tata;Safari Storme;2.2 Ex 4X2;Rs. 13,35,158;Diesel;SUV;5;7;Manual
Tata;Safari Storme;2.2 Vx 4X2 Varicor 400;Rs. 14,79,574;Diesel;SUV;5;7;Manual
Tata;Safari Storme;2.2 Vx 4X4 Varicor 400;Rs. 16,43,829;Diesel;SUV;5;7;Manual
Mg;Hector;1.5L Style;Rs. 12,48,000;Petrol;SUV;5;5;Manual
Mg;Hector;2.0L Style;Rs. 13,48,000;Diesel;SUV;5;5;Manual
Mg;Hector;2.0L Super;Rs. 14,48,000;Diesel;SUV;5;5;Manual
Mg;Hector;2.0L Smart;Rs. 15,88,000;Diesel;SUV;5;5;Manual
Mg;Hector;2.0L Sharp;Rs. 17,28,000;Diesel;SUV;5;5;Manual
Mg;Hector;1.5L Super;Rs. 13,28,000;Petrol;SUV;5;5;Manual
Mg;Hector;1.5L Super Hybrid;Rs. 13,88,000;Hybrid;SUV;5;5;Manual
Mg;Hector;1.5L Sharp Hybrid;Rs. 16,28,000;Hybrid;SUV;5;5;Manual
Mg;Hector;1.5L Smart Hybrid;Rs. 14,98,000;Hybrid;SUV;5;5;Manual
Mg;Hector;1.5L Smart Dct;Rs. 15,68,000;Petrol;SUV;5;5;DCT
Mg;Hector;1.5L Sharp Dct;Rs. 17,18,000;Petrol;SUV;5;5;DCT
Tata;Nexon Ev;Xm;Rs. 13,99,000;Electric;SUV;5;5;Automatic
Tata;Nexon Ev;Xz Plus;Rs. 14,99,000;Electric;SUV;5;5;Automatic
Tata;Nexon Ev;Xz Plus Lux;Rs. 15,99,000;Electric;SUV;5;5;Automatic
Hyundai;Elantra;S;Rs. 15,89,000;Petrol;Sedan;4;5;Manual
Hyundai;Elantra;Sx;Rs. 18,49,000;Petrol;Sedan;4;5;Manual
Hyundai;Elantra;Sx At;Rs. 19,49,000;Petrol;Sedan;4;5;AMT
Hyundai;Elantra;Sx(O) At;Rs. 20,39,000;Petrol;Sedan;4;5;AMT
Hyundai;Tucson;2Wd Mt Diesel;Rs. 20,79,717;Diesel;SUV;5;5;Manual
Hyundai;Tucson;2Wd Mt Petrol;Rs. 18,76,656;Petrol;SUV;5;5;Manual
Hyundai;Tucson;2Wd At Gl Diesel;Rs. 23,64,354;Diesel;SUV;5;5;Automatic
Hyundai;Tucson;2Wd At Gl Petrol;Rs. 21,87,384;Petrol;SUV;5;5;Automatic
Hyundai;Tucson;4Wd At Gls Diesel;Rs. 26,97,417;Diesel;SUV;5;5;Automatic
Hyundai;Tucson;2Wd At Gls Petrol;Rs. 23,73,522;Petrol;SUV;5;5;Automatic
Hyundai;Tucson;2Wd At Gl(O) Petrol;Rs. 22,46,749;Petrol;SUV;5;5;Automatic
Hyundai;Tucson;2Wd At Gl(O) Diesel;Rs. 24,23,720;Diesel;SUV;5;5;Automatic
Volkswagen;Passat;2.0 Tdi Comfortline;Rs. 30,21,500;Diesel;Sedan;4;5;Automatic
Volkswagen;Passat;2.0 Tdi Highline;Rs. 33,21,500;Diesel;Sedan;4;5;Automatic
Volkswagen;Passat;2.0 Tdi Comfortline Connect;Rs. 25,99,000;Diesel;Sedan;4;5;Automatic
Volkswagen;Passat;2.0 Tdi Highline Connect;Rs. 28,99,000;Diesel;Sedan;4;5;Automatic
;Mercedes-Benz A-Class;180;Rs. 27,85,288;Petrol;Hatchback;5;5;Automatic
;Mercedes-Benz A-Class;200D;Rs. 28,86,871;Diesel;Hatchback;5;5;Automatic
Volvo;V40 Cross Country;D3;Rs. 32,83,000;Diesel;Hatchback;5;5;Automatic
Volvo;V40 Cross Country;T4;Rs. 29,62,000;Petrol;Hatchback;5;5;Automatic
Mini;Countryman;Cooper S;Rs. 34,90,000;Petrol;Hatchback;5;5;Automatic
Mini;Countryman;Cooper Sd;Rs. 37,40,000;Diesel;Hatchback;5;5;Automatic
Mini;Countryman;Cooper S Jcw Inspired;Rs. 41,40,000;Petrol;Hatchback;5;5;Automatic
Mini;Countryman;Black Edition;Rs. 42,40,000;Petrol;Hatchback;5;5;Automatic
;Mercedes-Benz C-Class;C 220D Prime;Rs. 40,20,000;Diesel;Sedan;4;5;Automatic
;Mercedes-Benz C-Class;C 220D Progressive;Rs. 46,70,000;Diesel;Sedan;4;5;Automatic
;Mercedes-Benz C-Class;C 300D Amg Line;Rs. 49,74,750;Diesel;Sedan;4;5;Automatic
;Mercedes-Benz C-Class;C 43 Amg;Rs. 75,00,000;Petrol;Coupe;4;5;Automatic
;Mercedes-Benz C-Class;C 200 Prime;Rs. 40,90,000;Petrol;Sedan;4;5;Automatic
;Mercedes-Benz C-Class;C 200 Progressive;Rs. 46,54,000;Petrol;Sedan;4;5;Automatic
Toyota;Prius;Z8;Rs. 45,09,000;Hybrid;Sedan;4;5;Automatic
Lexus;Es;300H;Rs. 56,95,000;Hybrid;Sedan;4;5;Automatic
Lexus;Nx 300H;F-Sport;Rs. 60,60,000;Petrol;SUV;4;5;Automatic
Lexus;Nx 300H;Luxury;Rs. 59,90,000;Petrol;SUV;4;5;Automatic
Jaguar;F-Pace;Prestige;Rs. 64,63,780;Diesel;SUV;5;5;Automatic
Jaguar;F-Pace;Prestige Petrol;Rs. 64,22,809;Petrol;SUV;5;5;Automatic
Volvo;V90 Cross Country;D5 Inscription;Rs. 65,31,000;Diesel;SUV;5;5;Automatic
Audi;A5 Cabriolet;2.0 Tdi;Rs. 69,48,200;Diesel;Convertible;2;4;Automatic
;Mercedes-Benz Gle;300D 4Matic;Rs. 73,70,000;Diesel;SUV;5;5;Automatic
;Mercedes-Benz Gle;400D 4Matic Hip Hop Edition;Rs. 1,25,00,000;Diesel;SUV;5;5;Automatic
;Mercedes-Benz Cls;300D;Rs. 84,70,000;Diesel;Sedan;5;5;Automatic
Bmw;X7;Xdrive 40I;Rs. 1,04,90,000;Petrol;SUV;5;7;Automatic
Bmw;X7;Xdrive30D Dpe Signature;Rs. 1,02,50,000;Diesel;SUV;5;7;Automatic
Bmw;M4;Coupe;Rs. 1,35,90,000;Petrol;Coupe;2;4;Automatic
Porsche;911;Carrera S;Rs. 1,74,20,000;Petrol;Coupe;2;4;Automatic
Porsche;911;Carrera S Cabriolet;Rs. 1,88,44,000;Petrol;Convertible;2;4;Automatic
Nissan;Gtr;3.8 V6;Rs. 2,12,40,272;Petrol;Coupe;2;4;Automatic
Aston Martin;Vantage;Coupe;Rs. 2,95,00,000;Petrol;Coupe;2;2;Automatic
Aston Martin;Rapide;Luxe;Rs. 3,88,45,823;Petrol;Sedan;4;4;Automatic
Ferrari;812 Superfast;Superfast;Rs. 5,20,00,000;Petrol;Coupe;2;2;Automatic
Maruti Suzuki;Alto 800 Tour;H1;Rs. 3,54,235;Petrol;Hatchback;5;5;Manual
Maruti Suzuki;Alto 800 Tour;H1 (O);Rs. 3,56,559;Petrol;Hatchback;5;5;Manual
Hyundai;Grand I10 Nios;Magna 1.2 Crdi;Rs. 6,75,090;Diesel;Hatchback;5;5;Manual
Hyundai;Grand I10 Nios;Era 1.2 Vtvt;Rs. 5,04,990;Petrol;Hatchback;5;5;Manual
Hyundai;Grand I10 Nios;Magna 1.2 Vtvt;Rs. 5,89,610;Petrol;Hatchback;5;5;Manual
Hyundai;Grand I10 Nios;Magna Amt 1.2 Vtvt;Rs. 6,42,610;Petrol;Hatchback;5;5;Automatic
Hyundai;Grand I10 Nios;Sportz 1.2 Vtvt;Rs. 6,43,350;Petrol;Hatchback;5;5;Manual
Hyundai;Grand I10 Nios;Sportz Amt 1.2 Vtvt;Rs. 7,03,350;Petrol;Hatchback;5;5;Automatic
Hyundai;Grand I10 Nios;Sportz Dual Tone 1.2 Vtvt;Rs. 6,73,350;Petrol;Hatchback;5;5;Manual
Hyundai;Grand I10 Nios;Asta 1.2 Vtvt;Rs. 7,18,950;Petrol;Hatchback;5;5;Manual
Hyundai;Grand I10 Nios;Sportz Amt 1.2 Crdi;Rs. 7,90,350;Diesel;Hatchback;5;5;Automatic
Hyundai;Grand I10 Nios;Asta 1.2 Crdi;Rs. 8,04,450;Diesel;Hatchback;5;5;Manual
Hyundai;Xcent;S 1.2;Rs. 6,43,769;Petrol;Sedan;4;5;Manual
Hyundai;Xcent;S At 1.2;Rs. 7,33,734;Petrol;Sedan;4;5;Automatic
Hyundai;Xcent;Sx 1.2;Rs. 7,05,546;Petrol;Sedan;4;5;Manual
Hyundai;Xcent;Sx 1.2 (O);Rs. 7,82,346;Petrol;Sedan;4;5;Manual
Hyundai;Xcent;S 1.2 Crdi;Rs. 7,42,033;Diesel;Sedan;4;5;Manual
Hyundai;Xcent;E;Rs. 5,81,078;Petrol;Sedan;4;5;Manual
Hyundai;Xcent;Sx 1.2 Crdi;Rs. 7,98,558;Diesel;Sedan;4;5;Manual
Hyundai;Xcent;Sx 1.2 Crdi (O);Rs. 8,75,358;Diesel;Sedan;4;5;Manual
Hyundai;Xcent;E Crdi;Rs. 6,73,261;Diesel;Sedan;4;5;Manual
Nissan;Micra;Xl (O) Cvt;Rs. 6,62,880;Petrol;Hatchback;5;5;Automatic
Nissan;Micra;Xv Cvt;Rs. 7,81,686;Petrol;Hatchback;5;5;Automatic
Nissan;Micra;Xld (O);Rs. 7,43,504;Diesel;Hatchback;5;5;Manual
Nissan;Micra;Xvd;Rs. 8,12,964;Diesel;Hatchback;5;5;Manual
Mahindra;Bolero;Zlx;Rs. 9,42,263;Diesel;SUV;5;7;Manual
Mahindra;Bolero;Slx;Rs. 9,17,055;Diesel;SUV;5;7;Manual
Mahindra;Bolero;Sle;Rs. 8,60,720;Diesel;SUV;5;7;Manual
Mahindra;Bolero;Ex;Rs. 8,15,883;Diesel;SUV;5;7;Manual
Mahindra;Bolero;Ex Non Ac;Rs. 7,73,678;Diesel;SUV;5;7;Manual
Maruti Suzuki;Ciaz;1.3L Alpha Smart Hybrid;Rs. 11,02,689;Diesel;Sedan;4;5;Manual
Maruti Suzuki;Ciaz;1.3L Sigma Smart Hybrid;Rs. 9,19,689;Diesel;Sedan;4;5;Manual
Maruti Suzuki;Ciaz;1.3L Delta Smart Hybrid;Rs. 9,80,689;Diesel;Sedan;4;5;Manual
Maruti Suzuki;Ciaz;1.3L Zeta Smart Hybrid;Rs. 10,62,689;Diesel;Sedan;4;5;Manual
Maruti Suzuki;Ciaz;1.5L Sigma Smart Hybrid;Rs. 8,19,689;Petrol;Sedan;4;5;Manual
Maruti Suzuki;Ciaz;1.5L Delta Smart Hybrid;Rs. 8,81,689;Petrol;Sedan;4;5;Manual
Maruti Suzuki;Ciaz;1.5L Zeta Smart Hybrid;Rs. 9,58,689;Petrol;Sedan;4;5;Manual
Maruti Suzuki;Ciaz;1.5L Alpha Smart Hybrid;Rs. 9,97,689;Petrol;Sedan;4;5;Manual
Maruti Suzuki;Ciaz;1.5L Delta At Smart Hybrid;Rs. 9,80,689;Petrol;Sedan;4;5;Automatic
Maruti Suzuki;Ciaz;1.5L Zeta At Smart Hybrid;Rs. 10,58,688;Petrol;Sedan;4;5;Automatic
Maruti Suzuki;Ciaz;1.5L Alpha At Smart Hybrid;Rs. 10,98,689;Petrol;Sedan;4;5;Automatic
Maruti Suzuki;Ciaz;1.5L Alpha;Rs. 11,38,189;Diesel;Sedan;4;5;Manual
Maruti Suzuki;Ciaz;1.5L Delta;Rs. 9,97,689;Diesel;Sedan;4;5;Manual
Maruti Suzuki;Ciaz;1.5L Zeta;Rs. 11,09,189;Diesel;Sedan;4;5;Manual
Skoda;Rapid;1.6 Mpi Ambition;Rs. 9,98,599;Petrol;Sedan;4;5;Manual
Skoda;Rapid;1.5 Tdi Cr Active;Rs. 10,06,139;Diesel;Sedan;4;5;Manual
Skoda;Rapid;1.6 Mpi Active;Rs. 8,81,916;Petrol;Sedan;4;5;Manual
Skoda;Rapid;1.5 Tdi Cr Ambition;Rs. 11,29,599;Diesel;Sedan;4;5;Manual
Skoda;Rapid;1.5 Tdi Cr Ambition At;Rs. 12,49,599;Diesel;Sedan;4;5;Automatic
Skoda;Rapid;1.6 Mpi Style At;Rs. 12,43,599;Petrol;Sedan;4;5;Automatic
Skoda;Rapid;1.5 Tdi Cr Style At;Rs. 13,99,599;Diesel;Sedan;4;5;Automatic
Skoda;Rapid;1.5 Tdi Cr Style;Rs. 12,73,599;Diesel;Sedan;4;5;Manual
Skoda;Rapid;1.6 Mpi Style;Rs. 11,15,599;Petrol;Sedan;4;5;Manual
Skoda;Rapid;1.6 Mpi Ambition At;Rs. 9,99,599;Petrol;Sedan;4;5;Automatic
Skoda;Rapid;Onyx Mt Petrol;Rs. 9,75,599;Petrol;Sedan;4;5;Manual
Skoda;Rapid;Onyx At Petrol;Rs. 10,99,599;Petrol;Sedan;4;5;Automatic
Skoda;Rapid;Onyx Mt Diesel;Rs. 11,58,599;Diesel;Sedan;4;5;Manual
Skoda;Rapid;Onyx At Diesel;Rs. 12,73,599;Diesel;Sedan;4;5;Automatic
Fiat;Abarth Punto;1.4 T-Jet;Rs. 9,80,970;Petrol;Hatchback;5;5;Manual
Hyundai;Creta;1.4 Crdi E Plus;Rs. 9,99,990;Diesel;SUV;5;5;Manual
Hyundai;Creta;1.6 Vtvt E Plus;Rs. 9,99,990;Petrol;SUV;5;5;Manual
Hyundai;Creta;1.6 Vtvt Sx;Rs. 12,32,534;Petrol;SUV;5;5;Manual
Hyundai;Creta;1.6 Vtvt Sx (O);Rs. 13,94,437;Petrol;SUV;5;5;Manual
Hyundai;Creta;1.6 Vtvt Sx At;Rs. 13,77,363;Petrol;SUV;5;5;Automatic
Hyundai;Creta;1.6 Vtvt Sx Dual Tone;Rs. 12,87,041;Petrol;SUV;5;5;Automatic
Hyundai;Creta;1.4 Crdi S;Rs. 11,97,919;Diesel;SUV;5;5;Manual
Hyundai;Creta;1.6 Crdi Sx;Rs. 13,66,797;Diesel;SUV;5;5;Manual
Hyundai;Creta;1.6 Crdi Sx (O);Rs. 15,43,564;Diesel;SUV;5;5;Manual
Hyundai;Creta;1.6 Crdi Sx At;Rs. 15,27,395;Diesel;SUV;5;5;Automatic
Hyundai;Creta;1.6 Crdi Sx Dual Tone;Rs. 14,21,208;Diesel;SUV;5;5;Manual
Hyundai;Creta;1.6 Crdi S At;Rs. 13,36,033;Diesel;SUV;5;5;Automatic
Hyundai;Creta;1.6 Vtvt Sx (O) Executive;Rs. 14,22,937;Petrol;SUV;5;5;Manual
Hyundai;Creta;1.6 Crdi Sx (O) Executive;Rs. 15,72,064;Diesel;SUV;5;5;Manual
Hyundai;Creta;1.4 Crdi Ex;Rs. 11,07,167;Diesel;SUV;5;5;Manual
Hyundai;Creta;1.6 Vtvt Ex;Rs. 10,92,192;Petrol;SUV;5;5;Manual
Hyundai;Creta;Sports Edition Petrol;Rs. 12,79,983;Petrol;SUV;5;5;Manual
Hyundai;Creta;Sports Edition Diesel;Rs. 14,14,247;Diesel;SUV;5;5;Manual
Tata;Harrier;Revotorq Xe;Rs. 13,45,363;Diesel;SUV;5;5;Manual
Tata;Harrier;Revotorq Xm;Rs. 14,71,368;Diesel;SUV;5;5;Manual
Tata;Harrier;Revotorq Xt;Rs. 15,91,368;Diesel;Hatchback;5;5;Manual
Tata;Harrier;Revotorq Xz;Rs. 17,21,368;Diesel;Hatchback;5;5;Manual
Tata;Harrier;Revotorq Xz Dual Tone;Rs. 17,32,231;Diesel;Hatchback;5;5;Manual
Tata;Harrier;Revotorq Dark Edition;Rs. 17,30,755;Diesel;Hatchback;5;5;Manual
Isuzu;Dmax V-Cross;Standard;Rs. 16,54,783;Diesel;Pick-up;4;5;Manual
Isuzu;Dmax V-Cross;High Z;Rs. 18,06,813;Diesel;Pick-up;4;5;Manual
Isuzu;Dmax V-Cross;Z Prestige;Rs. 19,99,000;Diesel;Pick-up;4;5;Automatic
Mitsubishi;Outlander;2.4L Outlander;Rs. 26,93,000;Petrol;SUV;5;7;Automatic
;Mercedes-Benz Gla-Class;200 Sport;Rs. 34,38,000;Petrol;SUV;5;5;Automatic
;Mercedes-Benz Gla-Class;200 D Style;Rs. 32,33,000;Diesel;SUV;5;5;Automatic
;Mercedes-Benz Gla-Class;200 D Sport;Rs. 35,64,000;Diesel;SUV;5;5;Automatic
;Mercedes-Benz Gla-Class;45 Amg 4Matic;Rs. 77,84,944;Petrol;SUV;5;5;Automatic
;Mercedes-Benz Gla-Class;220 D 4Matic;Rs. 38,64,000;Diesel;SUV;5;5;Automatic
;Mercedes-Benz Gla-Class;45 Aero Edition;Rs. 80,67,000;Petrol;SUV;5;5;Automatic
Honda;Accord Hybrid;2.0 At;Rs. 43,21,237;Hybrid;Sedan;4;5;Automatic
Bmw;5-Series;520D Luxury Line;Rs. 59,30,000;Diesel;Sedan;4;5;Automatic
Bmw;5-Series;530D M Sport;Rs. 66,80,000;Diesel;Sedan;4;5;Automatic
Bmw;5-Series;530I M Sport;Rs. 59,80,000;Petrol;Sedan;4;5;Automatic
Bmw;6-Series;630D Gt Luxury Line;Rs. 68,90,000;Diesel;Sedan;4;4;Automatic
Bmw;6-Series;630D Gt M Sport;Rs. 74,50,000;Diesel;Sedan;4;4;Automatic
Bmw;6-Series;630I Gt Luxury Line;Rs. 64,40,000;Petrol;Coupe;2;4;Automatic
Bmw;6-Series;620D Gt Luxury Line;Rs. 64,40,000;Diesel;Sedan;4;4;Automatic
Porsche;Macan;S;Rs. 85,03,000;Petrol;SUV;5;5;Automatic
Porsche;Macan;Base;Rs. 69,98,000;Petrol;SUV;5;5;Automatic
Jaguar;F-Type;5.0 Convertible R;Rs. 2,36,59,454;Petrol;Convertible;4;;Automatic
Jaguar;F-Type;5.0 Coupe R;Rs. 2,21,55,390;Petrol;Coupe;2;2;Automatic
Jaguar;F-Type;Svr Coupe;Rs. 2,65,01,830;Petrol;Coupe;2;2;Automatic
Jaguar;F-Type;Svr Convertible;Rs. 2,80,04,965;Petrol;Convertible;2;2;Automatic
Jaguar;F-Type;2.0L Coupe;Rs. 90,92,578;Petrol;Coupe;2;2;Automatic
Jaguar;F-Type;2.0L Convertible;Rs. 1,01,44,987;Petrol;Convertible;2;2;Automatic
Jaguar;F-Type;2.0 Convertible R Dynamic;Rs. 1,04,19,200;Petrol;Convertible;2;2;Automatic
Jaguar;F-Type;2.0 Coupe R Dynamic;Rs. 93,66,433;Petrol;Coupe;2;2;Automatic
Bmw;M5;Competition;Rs. 1,54,90,000;Petrol;Sedan;4;4;Automatic
Lexus;Lx 570;V8;Rs. 2,32,90,000;Diesel;SUV;4;7;Automatic
Ferrari;458 Spider;V8;Rs. 4,33,67,500;Petrol;Coupe, Convertible;2;2;Automatic
Maruti Suzuki R;Wagon;Vxi;Rs. 4,79,000;Petrol;Hatchback;5;5;Manual
Maruti Suzuki R;Wagon;Vxi Ags;Rs. 5,26,000;Petrol;Hatchback;5;5;Automatic
Maruti Suzuki R;Wagon;1.2L Zxi;Rs. 5,48,000;Petrol;Hatchback;5;5;Manual
Maruti Suzuki R;Wagon;Lxi;Rs. 4,34,000;Petrol;Hatchback;5;5;Manual
Maruti Suzuki R;Wagon;1.2L Vxi;Rs. 5,13,501;Petrol;Hatchback;5;5;Manual
Maruti Suzuki R;Wagon;1.2L Vxi Ags;Rs. 5,60,500;Petrol;Hatchback;5;5;Automatic
Maruti Suzuki R;Wagon;1.2L Zxi Ags;Rs. 5,94,800;Petrol;Hatchback;5;5;Automatic
Maruti Suzuki R;Wagon;Lxi (O);Rs. 4,41,000;Petrol;Hatchback;5;5;Manual
Maruti Suzuki R;Wagon;Vxi (O);Rs. 4,86,001;Petrol;Hatchback;5;5;Manual
Maruti Suzuki R;Wagon;1.2L Vxi (O);Rs. 5,20,500;Petrol;Hatchback;5;5;Manual
Maruti Suzuki R;Wagon;1.2L Vxi Ags (O);Rs. 5,67,500;Petrol;Hatchback;5;5;Automatic
Maruti Suzuki R;Wagon;Vxi Ags (O);Rs. 5,33,000;Petrol;Hatchback;5;5;Automatic
Maruti Suzuki R;Wagon;Lxi Cng;Rs. 5,00,500;CNG;Hatchback;5;5;Manual
Maruti Suzuki R;Wagon;Lxi (O) Cng;Rs. 5,07,500;CNG;Hatchback;5;5;Manual
Tata;Tiago Nrg;1.2L Revotron;Rs. 5,94,993;Petrol;Crossover;5;5;Manual
Tata;Tiago Nrg;1.05L Revotorq;Rs. 6,89,993;Diesel;Crossover;5;5;Manual
Tata;Tiago Nrg;1.2L Revotron Amt;Rs. 6,39,993;Petrol;Crossover;5;5;AMT
Mahindra;Nuvosport;N4;Rs. 7,97,802;Diesel;SUV;5;7;Manual
Mahindra;Nuvosport;N6;Rs. 9,05,642;Diesel;SUV;5;7;Manual
Mahindra;Nuvosport;N8;Rs. 9,84,818;Diesel;SUV;5;7;Manual
Mahindra;Nuvosport;N4 +;Rs. 8,32,415;Diesel;SUV;5;7;Manual
Mahindra;Nuvosport;N6 Amt;Rs. 9,72,359;Diesel;SUV;5;7;Automatic
Mahindra;Nuvosport;N8 Amt;Rs. 10,48,603;Diesel;SUV;5;7;Automatic
Nissan;Kicks;Xl Petrol;Rs. 9,55,000;Petrol;SUV;5;5;Manual
Nissan;Kicks;Xv Petrol;Rs. 10,95,000;Petrol;SUV;5;5;Manual
Nissan;Kicks;Xl Diesel;Rs. 11,09,000;Diesel;SUV;5;5;Manual
Nissan;Kicks;Xv Diesel;Rs. 12,51,000;Diesel;SUV;5;5;Manual
Nissan;Kicks;Xv Premium;Rs. 13,69,000;Diesel;SUV;5;5;Manual
Nissan;Kicks;Xv Premium (O);Rs. 14,65,000;Diesel;SUV;5;5;Manual
Nissan;Kicks;Xv Premium (O) Dual Tone;Rs. 14,65,000;Diesel;SUV;5;5;Manual
Nissan;Kicks;Xe Diesel;Rs. 9,89,000;Diesel;SUV;5;5;Manual
Tata;Winger;15S;Rs. 12,05,000;Diesel;MUV;5;16;Manual
Hyundai;Kona Electric;Premium;Rs. 23,71,858;Electric;SUV;5;4;Automatic
Toyota;Camry;Hybrid;Rs. 37,88,000;Hybrid;Sedan;4;5;Automatic
Audi;A5;Sportback;Rs. 60,61,200;Diesel;Sedan;4;5;Automatic
Land Rover;Discovery;3.0 Hse Diesel;Rs. 1,02,05,494;Diesel;SUV;5;7;Automatic
Land Rover;Discovery;3.0 Se Diesel;Rs. 96,89,321;Diesel;SUV;5;7;Automatic
Land Rover;Discovery;3.0 Hse Petrol;Rs. 84,33,741;Petrol;SUV;5;7;Automatic
Land Rover;Discovery;3.0 Se Petrol;Rs. 80,77,550;Petrol;SUV;5;7;Automatic
Land Rover;Discovery;3.0 S Diesel;Rs. 88,77,094;Diesel;SUV;5;7;Automatic
Land Rover;Discovery;3.0 S Petrol;Rs. 76,93,664;Petrol;SUV;5;7;Automatic
Land Rover;Discovery;3.0 Hse Luxury Diesel;Rs. 1,08,61,088;Diesel;SUV;5;7;Automatic
Land Rover;Discovery;3.0 Hse Luxury Petrol;Rs. 89,37,846;Petrol;SUV;5;7;Automatic
Lexus;Ls 500H;Luxury;Rs. 1,82,21,000;Hybrid;SUV;4;5;Automatic
Lexus;Ls 500H;Ultra Luxury;Rs. 1,87,36,000;Hybrid;SUV;4;5;Automatic
Lexus;Ls 500H;Distinct;Rs. 1,93,71,000;Hybrid;SUV;4;5;Automatic
;Rolls-Royce Phantom;Sedan;Rs. 9,50,00,000;Petrol;Sedan;4;5;Automatic
;Rolls-Royce Phantom;Ewb;Rs. 7,54,00,000;Petrol;Sedan;4;5;Automatic
Fiat;Punto Evo;Dynamic 1.2;Rs. 5,35,562;Petrol;Hatchback;5;5;Manual
Fiat;Punto Evo;Active Multijet 1.3;Rs. 6,31,292;Diesel;Hatchback;5;5;Manual
Fiat;Punto Evo;Dynamic Multijet 1.3;Rs. 6,92,655;Diesel;Hatchback;5;5;Manual
Fiat;Punto Evo;Emotion Multijet 1.3;Rs. 7,47,774;Diesel;Hatchback;5;5;Manual
Toyota;Yaris;J;Rs. 9,40,000;Petrol;Sedan;4;5;Manual
Toyota;Yaris;G;Rs. 10,55,000;Petrol;Sedan;4;5;Manual
Toyota;Yaris;V;Rs. 11,74,000;Petrol;Sedan;4;5;Manual
Toyota;Yaris;Vx Cvt;Rs. 14,18,000;Petrol;Sedan;4;5;Automatic
Toyota;Yaris;G Cvt;Rs. 11,75,000;Petrol;Sedan;4;5;Automatic
Toyota;Yaris;J Cvt;Rs. 10,10,000;Petrol;Sedan;4;5;Automatic
Toyota;Yaris;V Cvt;Rs. 12,94,000;Petrol;Sedan;4;5;Automatic
Toyota;Yaris;Vx;Rs. 12,96,000;Petrol;Sedan;4;5;Manual
Toyota;Yaris;V (O);Rs. 11,97,000;Petrol;Sedan;4;5;Manual
Toyota;Yaris;J (O);Rs. 8,76,000;Petrol;Sedan;4;5;Manual
Toyota;Yaris;G (O);Rs. 9,74,000;Petrol;Sedan;4;5;Manual
Toyota;Yaris;J (O) Cvt;Rs. 9,35,000;Petrol;Sedan;4;5;Automatic
Toyota;Yaris;G (O) Cvt;Rs. 10,83,000;Petrol;Sedan;4;5;Automatic
Toyota;Yaris;V (O) Cvt;Rs. 13,17,000;Petrol;Sedan;4;5;Automatic
Skoda;Octavia;Ambition 1.4 Tsi;Rs. 15,99,599;Petrol;Sedan;4;5;Manual
Skoda;Octavia;Ambition 2.0 Tdi Cr;Rs. 17,99,599;Diesel;Sedan;4;5;Manual
Skoda;Octavia;Style 1.4 Tsi;Rs. 18,99,599;Petrol;Sedan;4;5;Manual
Skoda;Octavia;Style 1.8 Tsi At;Rs. 20,59,599;Petrol;Sedan;4;5;Automatic
Skoda;Octavia;Style 2.0 Tdi Cr;Rs. 20,79,599;Diesel;Sedan;4;5;Manual
Skoda;Octavia;Style 2.0 Tdi Cr At;Rs. 22,99,599;Diesel;Sedan;4;5;Automatic
Skoda;Octavia;L & K 1.8 Tsi At;Rs. 23,59,599;Petrol;Sedan;4;5;Automatic
Skoda;Octavia;L & K 2.0 Tdi Cr At;Rs. 23,59,599;Diesel;Sedan;4;5;Automatic
Skoda;Octavia;Corporate Edition 1.4 Tsi;Rs. 15,49,000;Petrol;Sedan;4;5;Manual
Skoda;Octavia;Corporate Edition 2.0 Tdi;Rs. 16,99,000;Diesel;Sedan;4;5;Manual
Skoda;Octavia;Onyx 1.8 Tsi Dsg;Rs. 19,99,599;Petrol;Sedan;4;5;Automatic
Skoda;Octavia;Onyx 2.0 Tdi Dsg;Rs. 21,99,599;Diesel;Sedan;4;5;Automatic
;Mercedes-Benz Glc;200 Progressive;Rs. 52,75,000;Petrol;SUV;5;5;Automatic
;Mercedes-Benz Glc;220D 4Matic Progressive;Rs. 57,75,000;Diesel;SUV;5;5;Automatic
Porsche;Cayenne Coupe;Base;Rs. 1,31,51,000;Petrol;;;;Automatic
Porsche;Cayenne Coupe;Turbo;Rs. 1,97,63,000;Petrol;;;;Automatic
Mahindra;Verito;1.5 D2;Rs. 7,48,370;Diesel;Sedan;4;5;Manual
Mahindra;Verito;1.5 D4 Bs-Iv;Rs. 7,72,617;Diesel;Sedan;4;5;Manual
Mahindra;Verito;1.5 D6 Bs-Iv;Rs. 8,45,154;Diesel;Sedan;4;5;Manual
Mitsubishi;Pajero Sport;2.5 Mt;Rs. 29,03,750;Diesel;SUV;5;7;Manual
Mitsubishi;Pajero Sport;2.5 At;Rs. 28,35,500;Diesel;SUV;5;7;Automatic
Mitsubishi;Pajero Sport;Limited Edition;Rs. 29,53,240;Diesel;SUV;5;7;Manual
Mitsubishi;Pajero Sport;Select Plus Mt;Rs. 29,92,800;Diesel;SUV;5;7;Manual
Mitsubishi;Pajero Sport;Select Plus At;Rs. 29,52,500;Diesel;SUV;5;7;Automatic
Bentley;Flying Spur;V8;Rs. 3,41,67,064;Petrol;Sedan;4;4;Automatic
Bentley;Flying Spur;W12;Rs. 3,93,82,083;Petrol;Sedan;4;4;Automatic
Honda;City;Sv Mt Petrol;Rs. 9,91,000;Petrol;Sedan;4;5;Manual
Honda;City;V Mt Petrol;Rs. 10,65,900;Petrol;Sedan;4;5;Manual
Honda;City;Vx Mt Petrol;Rs. 11,82,000;Petrol;Sedan;4;5;Manual
Honda;City;Vx Cvt Petrol;Rs. 13,12,000;Petrol;Sedan;4;5;Automatic
Honda;City;Sv Mt Diesel;Rs. 11,11,000;Diesel;Sedan;4;5;Manual
Honda;City;V Mt Diesel;Rs. 11,91,000;Diesel;Sedan;4;5;Manual
Honda;City;Vx Mt Diesel;Rs. 13,02,000;Diesel;Sedan;4;5;Manual
Honda;City;Zx Mt Diesel;Rs. 14,21,000;Diesel;Sedan;4;5;Manual
Honda;City;Zx Cvt Petrol;Rs. 14,31,000;Petrol;Sedan;4;5;Automatic
Honda;City;V Cvt Petrol;Rs. 12,01,000;Petrol;Sedan;4;5;Automatic
Mitsubishi;Montero;3.2 At;Rs. 68,62,560;Diesel;SUV;5;7;Automatic